BEGIN TRANSACTION;


INSERT INTO artist (id, name, url, description) VALUES (1, 'SPARTALIEN', '//spartalien.com', 'Aliases: SPARTALIEN, arT2, lowtechman');
INSERT INTO artist (id, name, url, description) VALUES (2, 'SPARTALIEN & Esblendet', NULL, NULL);
INSERT INTO artist (id, name, url, description) VALUES (3, 'Esblendet', '//esblendet.ch', NULL);
INSERT INTO artist (id, name, url, description) VALUES (4, 'Stevie Lee Price', '//twitter.com/STEVIELEEPRICE', NULL);
INSERT INTO artist (id, name, url, description) VALUES (5, 'ediblewaves', '//ediblewaves.bandcamp.com', 'Aliases: ediblewaves, Klangachse');
INSERT INTO artist (id, name, url, description) VALUES (6, 'Orochi Hanma', '//twitch.tv/orochihanma', NULL);
INSERT INTO artist (id, name, url, description) VALUES (7, 'arT2', '//etrusci.org', 'Aliases: arT2, SPARTALIEN, lowtechman');


INSERT INTO label (id, name, url) VALUES (1, 'Kaiseki Digital', '//kaisekidigital.bandcamp.com');
INSERT INTO label (id, name, url) VALUES (2, '<1', '//lessthanone.bandcamp.com');
INSERT INTO label (id, name, url) VALUES (3, 'Sounds for the Soul Records', '//soundsforthesoul.bandcamp.com');


INSERT INTO rls_type (id, name) VALUES (1, 'Single');
INSERT INTO rls_type (id, name) VALUES (2, 'EP');
INSERT INTO rls_type (id, name) VALUES (3, 'Album');
INSERT INTO rls_type (id, name) VALUES (4, 'Remix');


INSERT INTO track (id, artist_id, name, crea_year, runtime, bandcamp_id) VALUES (1, 1, 'Continuoduction', '2016', 396, '2223569284');
INSERT INTO track (id, artist_id, name, crea_year, runtime, bandcamp_id) VALUES (2, 1, 'I''ll Embrace You Again In Space', '2016', 418, '1079688660');
INSERT INTO track (id, artist_id, name, crea_year, runtime, bandcamp_id) VALUES (3, 1, 'Realize It''s Just A Ride', '2017', 360, '4004833542');
INSERT INTO track (id, artist_id, name, crea_year, runtime, bandcamp_id) VALUES (4, 1, 'Nature''s Song', '2017', 362, '1367673093');
INSERT INTO track (id, artist_id, name, crea_year, runtime, bandcamp_id) VALUES (5, 1, 'Following The Calling', '2017', 421, '2940566208');
INSERT INTO track (id, artist_id, name, crea_year, runtime, bandcamp_id) VALUES (6, 1, 'Digging In Memories', '2017', 518, '2839011968');
INSERT INTO track (id, artist_id, name, crea_year, runtime, bandcamp_id) VALUES (7, 1, 'Heat-Resistant', '2017', 427, '2385470360');
INSERT INTO track (id, artist_id, name, crea_year, runtime, bandcamp_id) VALUES (8, 1, 'Song For Wind', '2017', 522, '184259074');
INSERT INTO track (id, artist_id, name, crea_year, runtime, bandcamp_id) VALUES (9, 1, 'Messaggio Per Naelog', '2017', 151, '3639731854');
INSERT INTO track (id, artist_id, name, crea_year, runtime, bandcamp_id) VALUES (10, 1, 'Martina', '2017', 286, '924988911');
INSERT INTO track (id, artist_id, name, crea_year, runtime, bandcamp_id) VALUES (11, 1, 'Time', '2017', 318, '2055198430');
INSERT INTO track (id, artist_id, name, crea_year, runtime, bandcamp_id) VALUES (12, 1, 'Every Day', '2018', 360, '30233859');
INSERT INTO track (id, artist_id, name, crea_year, runtime, bandcamp_id) VALUES (13, 1, 'Setting The Mood (Intro)', '2018', 234, '3588792552');
INSERT INTO track (id, artist_id, name, crea_year, runtime, bandcamp_id) VALUES (14, 1, 'Calling You', '2018', 251, '2238825554');
INSERT INTO track (id, artist_id, name, crea_year, runtime, bandcamp_id) VALUES (15, 1, 'Transformation', '2018', 579, '712833047');
INSERT INTO track (id, artist_id, name, crea_year, runtime, bandcamp_id) VALUES (16, 1, 'Denial (Interlude 1)', '2018', 93, '1534708698');
INSERT INTO track (id, artist_id, name, crea_year, runtime, bandcamp_id) VALUES (17, 1, 'Clinging', '2018', 486, '2633659736');
INSERT INTO track (id, artist_id, name, crea_year, runtime, bandcamp_id) VALUES (18, 1, 'Deadline', '2018', 385, '3181701774');
INSERT INTO track (id, artist_id, name, crea_year, runtime, bandcamp_id) VALUES (19, 1, 'Blurry Sight (Interlude 2)', '2018', 117, '3773450716');
INSERT INTO track (id, artist_id, name, crea_year, runtime, bandcamp_id) VALUES (20, 1, 'Moping', '2018', 326, '1136224409');
INSERT INTO track (id, artist_id, name, crea_year, runtime, bandcamp_id) VALUES (21, 1, 'Drifting', '2018', 348, '2323844515');
INSERT INTO track (id, artist_id, name, crea_year, runtime, bandcamp_id) VALUES (22, 1, 'Approach (Interlude 3)', '2018', 163, '1453515230');
INSERT INTO track (id, artist_id, name, crea_year, runtime, bandcamp_id) VALUES (23, 1, 'Unforeseen End', '2018', 395, '1698868679');
INSERT INTO track (id, artist_id, name, crea_year, runtime, bandcamp_id) VALUES (24, 1, 'Il Tramonto Del Sole', '2018', 319, '3612546760');
INSERT INTO track (id, artist_id, name, crea_year, runtime, bandcamp_id) VALUES (25, 1, 'Good Bye Cruel World (Outro)', '2018', 304, '1434288087');
INSERT INTO track (id, artist_id, name, crea_year, runtime, bandcamp_id) VALUES (26, 1, 'Searching', '2018', 306, '1571954667');
INSERT INTO track (id, artist_id, name, crea_year, runtime, bandcamp_id) VALUES (27, 1, 'Craving For Change', '2018', 445, '4097183801');
INSERT INTO track (id, artist_id, name, crea_year, runtime, bandcamp_id) VALUES (28, 1, 'Devil''s Lure', '2018', 279, '2467366239');
INSERT INTO track (id, artist_id, name, crea_year, runtime, bandcamp_id) VALUES (29, 1, 'The Last Card', '2018', 300, '1786658593');
INSERT INTO track (id, artist_id, name, crea_year, runtime, bandcamp_id) VALUES (30, 1, 'Campfires', '2018', 322, '3415747748');
INSERT INTO track (id, artist_id, name, crea_year, runtime, bandcamp_id) VALUES (31, 1, 'Start of Transmission (Intro)', '2019', 98, '3708706817');
INSERT INTO track (id, artist_id, name, crea_year, runtime, bandcamp_id) VALUES (32, 1, 'Incantare', '2019', 573, '401413437');
INSERT INTO track (id, artist_id, name, crea_year, runtime, bandcamp_id) VALUES (33, 1, 'Spelunca', '2019', 546, '3595371531');
INSERT INTO track (id, artist_id, name, crea_year, runtime, bandcamp_id) VALUES (34, 1, 'S2x4 (Interlude 1)', '2019', 98, '4002101253');
INSERT INTO track (id, artist_id, name, crea_year, runtime, bandcamp_id) VALUES (35, 1, 'Suspirare', '2019', 455, '1120530810');
INSERT INTO track (id, artist_id, name, crea_year, runtime, bandcamp_id) VALUES (36, 1, 'Paenitentia', '2019', 520, '2075632654');
INSERT INTO track (id, artist_id, name, crea_year, runtime, bandcamp_id) VALUES (37, 1, 'R6Y7x2 (Interlude 2)', '2019', 98, '3047026239');
INSERT INTO track (id, artist_id, name, crea_year, runtime, bandcamp_id) VALUES (38, 1, 'Crudelitas', '2019', 513, '2824125830');
INSERT INTO track (id, artist_id, name, crea_year, runtime, bandcamp_id) VALUES (39, 1, 'Immori', '2019', 322, '3530378220');
INSERT INTO track (id, artist_id, name, crea_year, runtime, bandcamp_id) VALUES (40, 1, 'I1I1M7x2 (Interlude 3)', '2019', 98, '3952546203');
INSERT INTO track (id, artist_id, name, crea_year, runtime, bandcamp_id) VALUES (41, 1, 'Requirere', '2019', 316, '1545934385');
INSERT INTO track (id, artist_id, name, crea_year, runtime, bandcamp_id) VALUES (42, 1, 'Desiderium', '2019', 465, '1896804891');
INSERT INTO track (id, artist_id, name, crea_year, runtime, bandcamp_id) VALUES (43, 1, 'End of Transmission (Outro)', '2019', 98, '2778711954');
INSERT INTO track (id, artist_id, name, crea_year, runtime, bandcamp_id) VALUES (44, 1, 'Frozen Memories', '2019', 402, '286448283');
INSERT INTO track (id, artist_id, name, crea_year, runtime, bandcamp_id) VALUES (45, 1, 'Brain I/O #1', '2019', 2220, '2164931533');
INSERT INTO track (id, artist_id, name, crea_year, runtime, bandcamp_id) VALUES (46, 1, 'Brain I/O #2', '2019', 2346, '4005818110');
INSERT INTO track (id, artist_id, name, crea_year, runtime, bandcamp_id) VALUES (47, 1, 'Brain I/O #3', '2019', 1172, '4042266297');
INSERT INTO track (id, artist_id, name, crea_year, runtime, bandcamp_id) VALUES (48, 1, 'They Shot My Friend', '2019', 375, '3891255445');
INSERT INTO track (id, artist_id, name, crea_year, runtime, bandcamp_id) VALUES (49, 1, 'The Sad Lightness Of Being', '2019', 568, '2901018221');
INSERT INTO track (id, artist_id, name, crea_year, runtime, bandcamp_id) VALUES (50, 1, 'Brain I/O #4', '2019', 3584, '2935141047');
INSERT INTO track (id, artist_id, name, crea_year, runtime, bandcamp_id) VALUES (51, 1, 'Brain I/O #5', '2019', 2153, '3806931450');
INSERT INTO track (id, artist_id, name, crea_year, runtime, bandcamp_id) VALUES (52, 1, 'Brain I/O #6', '2019', 1307, '1263658555');
INSERT INTO track (id, artist_id, name, crea_year, runtime, bandcamp_id) VALUES (53, 1, 'Brain I/O #7', '2019', 332, '3508189947');
INSERT INTO track (id, artist_id, name, crea_year, runtime, bandcamp_id) VALUES (54, 1, 'Roadblock', '2019', 160, '2628425375');
INSERT INTO track (id, artist_id, name, crea_year, runtime, bandcamp_id) VALUES (55, 1, 'Escape', '2019', 229, '596801117');
INSERT INTO track (id, artist_id, name, crea_year, runtime, bandcamp_id) VALUES (56, 1, 'Freedom', '2019', 265, '2127471457');
INSERT INTO track (id, artist_id, name, crea_year, runtime, bandcamp_id) VALUES (57, 1, 'Vigilant', '2019', 163, '2907821395');
INSERT INTO track (id, artist_id, name, crea_year, runtime, bandcamp_id) VALUES (58, 2, 'Rainbows & Unicorns', '2019', 265, '2223839995');
INSERT INTO track (id, artist_id, name, crea_year, runtime, bandcamp_id) VALUES (59, 1, 'Brain I/O #8', '2019', 962, '1651831272');
INSERT INTO track (id, artist_id, name, crea_year, runtime, bandcamp_id) VALUES (60, 1, 'Let It All Go, Volume 1', '2020', 3586, '2945438265');
INSERT INTO track (id, artist_id, name, crea_year, runtime, bandcamp_id) VALUES (61, 1, 'Let It All Go, Volume 1 (Waveless Mix)', '2020', 3586, '1517009752');
INSERT INTO track (id, artist_id, name, crea_year, runtime, bandcamp_id) VALUES (62, 1, 'Brain I/O #9', '2020', 1727, '1863633336');
INSERT INTO track (id, artist_id, name, crea_year, runtime, bandcamp_id) VALUES (63, 1, 'Unfamiliar (Intro)', '2020', 73, '3747058360');
INSERT INTO track (id, artist_id, name, crea_year, runtime, bandcamp_id) VALUES (64, 1, 'Nightlife', '2020', 516, '427568410');
INSERT INTO track (id, artist_id, name, crea_year, runtime, bandcamp_id) VALUES (65, 1, 'Together', '2020', 659, '2271377303');
INSERT INTO track (id, artist_id, name, crea_year, runtime, bandcamp_id) VALUES (66, 1, 'Transitting Wormhole S9A5-1 (Interlude 1)', '2020', 73, '369246790');
INSERT INTO track (id, artist_id, name, crea_year, runtime, bandcamp_id) VALUES (67, 1, 'Ghosts', '2020', 470, '3903285058');
INSERT INTO track (id, artist_id, name, crea_year, runtime, bandcamp_id) VALUES (68, 1, 'Help', '2020', 681, '1115066719');
INSERT INTO track (id, artist_id, name, crea_year, runtime, bandcamp_id) VALUES (69, 1, 'Transitting Wormhole S9A5-2 (Interlude 2)', '2020', 73, '183927097');
INSERT INTO track (id, artist_id, name, crea_year, runtime, bandcamp_id) VALUES (70, 1, 'Utopia', '2020', 909, '3742545497');
INSERT INTO track (id, artist_id, name, crea_year, runtime, bandcamp_id) VALUES (71, 1, 'Crossroads', '2020', 587, '4132476564');
INSERT INTO track (id, artist_id, name, crea_year, runtime, bandcamp_id) VALUES (72, 1, 'Transitting Wormhole S9A5-3 (Interlude 3)', '2020', 73, '654273728');
INSERT INTO track (id, artist_id, name, crea_year, runtime, bandcamp_id) VALUES (73, 1, 'Ragazzi', '2020', 445, '1620680267');
INSERT INTO track (id, artist_id, name, crea_year, runtime, bandcamp_id) VALUES (74, 1, 'Realm', '2020', 328, '3172251836');
INSERT INTO track (id, artist_id, name, crea_year, runtime, bandcamp_id) VALUES (75, 1, 'Singularity (Outro)', '2020', 73, '530684403');
INSERT INTO track (id, artist_id, name, crea_year, runtime, bandcamp_id) VALUES (76, 1, 'Brain I/O #10', '2020', 612, '2595366311');
INSERT INTO track (id, artist_id, name, crea_year, runtime, bandcamp_id) VALUES (77, 1, 'Let It All Go, Volume 2', '2020', 3584, '1483855252');
INSERT INTO track (id, artist_id, name, crea_year, runtime, bandcamp_id) VALUES (78, 1, 'Let It All Go, Volume 2 (Binaural Headphone Mix)', '2020', 3584, '2360241909');
INSERT INTO track (id, artist_id, name, crea_year, runtime, bandcamp_id) VALUES (79, 1, 'Let It All Go, Volume 2 (Weatherless Mix)', '2020', 3584, '3824638744');
INSERT INTO track (id, artist_id, name, crea_year, runtime, bandcamp_id) VALUES (80, 1, 'Let It All Go, Volume 2 (Weatherless & Droneless Mix)', '2020', 3584, '159416401');
INSERT INTO track (id, artist_id, name, crea_year, runtime, bandcamp_id) VALUES (81, 1, 'Wooden Bench', '2021', 278, '357081829');
INSERT INTO track (id, artist_id, name, crea_year, runtime, bandcamp_id) VALUES (82, 1, 'Reconquer', '2021', 225, '1353101429');
INSERT INTO track (id, artist_id, name, crea_year, runtime, bandcamp_id) VALUES (83, 1, 'Answering Machine', '2021', 306, '1779579187');
INSERT INTO track (id, artist_id, name, crea_year, runtime, bandcamp_id) VALUES (84, 1, 'Sandy Ice Cream', '2021', 284, '3157423022');
INSERT INTO track (id, artist_id, name, crea_year, runtime, bandcamp_id) VALUES (85, 1, 'Detuned Present', '2021', 409, '3837003126');
INSERT INTO track (id, artist_id, name, crea_year, runtime, bandcamp_id) VALUES (86, 1, 'After All', '2021', 330, '4127949923');
INSERT INTO track (id, artist_id, name, crea_year, runtime, bandcamp_id) VALUES (87, 1, 'Push', '2021', 312, '1529360381');
INSERT INTO track (id, artist_id, name, crea_year, runtime, bandcamp_id) VALUES (88, 1, 'Rusty Playground', '2021', 388, '4134745160');
INSERT INTO track (id, artist_id, name, crea_year, runtime, bandcamp_id) VALUES (89, 1, 'Pull', '2021', 232, '2179157149');
INSERT INTO track (id, artist_id, name, crea_year, runtime, bandcamp_id) VALUES (90, 1, 'You Are Not Them', '2021', 335, '699116923');
INSERT INTO track (id, artist_id, name, crea_year, runtime, bandcamp_id) VALUES (91, 1, 'A Night With My Imaginary Friend', '2021', 351, '2565743237');
INSERT INTO track (id, artist_id, name, crea_year, runtime, bandcamp_id) VALUES (92, 1, 'Uncertain', '2021', 268, '2666379051');
INSERT INTO track (id, artist_id, name, crea_year, runtime, bandcamp_id) VALUES (93, 1, 'Anomaly', '2021', 204, '3744985228');
INSERT INTO track (id, artist_id, name, crea_year, runtime, bandcamp_id) VALUES (94, 1, 'Secret', '2021', 247, '2569236346');
INSERT INTO track (id, artist_id, name, crea_year, runtime, bandcamp_id) VALUES (95, 1, 'Polychrome', '2021', 236, '1366983591');
INSERT INTO track (id, artist_id, name, crea_year, runtime, bandcamp_id) VALUES (96, 1, 'Irresistible', '2021', 237, '3019437804');
INSERT INTO track (id, artist_id, name, crea_year, runtime, bandcamp_id) VALUES (97, 1, 'Flux (feat. Stevie Lee Price)', '2021', 289, '2571342027');
INSERT INTO track (id, artist_id, name, crea_year, runtime, bandcamp_id) VALUES (98, 1, 'Flux (Instrumental Mix)', '2021', 289, '3400115706');
INSERT INTO track (id, artist_id, name, crea_year, runtime, bandcamp_id) VALUES (99, 1, 'Flux (Ambient Mix)', '2021', 289, '1291632558');
INSERT INTO track (id, artist_id, name, crea_year, runtime, bandcamp_id) VALUES (100, 5, 'Haphe (SPARTALIEN''s Wicca Remix)', '2021', 523, '563831413');
INSERT INTO track (id, artist_id, name, crea_year, runtime, bandcamp_id) VALUES (101, 1, 'Chapter 1: Once', '2021', 116, '1838579196');
INSERT INTO track (id, artist_id, name, crea_year, runtime, bandcamp_id) VALUES (102, 1, 'Chapter 1: Maybe', '2021', 188, '2026984941');
INSERT INTO track (id, artist_id, name, crea_year, runtime, bandcamp_id) VALUES (103, 1, 'Chapter 1: Mountain', '2021', 142, '1242005432');
INSERT INTO track (id, artist_id, name, crea_year, runtime, bandcamp_id) VALUES (104, 1, 'Chapter 1: Ice', '2021', 122, '3761896080');
INSERT INTO track (id, artist_id, name, crea_year, runtime, bandcamp_id) VALUES (105, 1, 'Chapter 1: Why', '2021', 134, '331325607');
INSERT INTO track (id, artist_id, name, crea_year, runtime, bandcamp_id) VALUES (106, 1, 'Chapter 1: Real', '2021', 97, '3989044738');
INSERT INTO track (id, artist_id, name, crea_year, runtime, bandcamp_id) VALUES (107, 1, 'Chapter 1: Same', '2021', 157, '3228494616');
INSERT INTO track (id, artist_id, name, crea_year, runtime, bandcamp_id) VALUES (108, 1, 'Chapter 1: Tower', '2021', 118, '1690194435');
INSERT INTO track (id, artist_id, name, crea_year, runtime, bandcamp_id) VALUES (109, 1, 'Chapter 1: Not', '2021', 92, '948979255');
INSERT INTO track (id, artist_id, name, crea_year, runtime, bandcamp_id) VALUES (110, 1, 'Chapter 1: If', '2021', 122, '1656542313');
INSERT INTO track (id, artist_id, name, crea_year, runtime, bandcamp_id) VALUES (111, 1, 'Chapter 1: Tales', '2021', 49, '4090516253');
INSERT INTO track (id, artist_id, name, crea_year, runtime, bandcamp_id) VALUES (112, 1, 'Chapter 1: Unconditional', '2021', 84, '147165588');
INSERT INTO track (id, artist_id, name, crea_year, runtime, bandcamp_id) VALUES (113, 1, 'Chapter 1: Arrival', '2021', 57, '148942151');
INSERT INTO track (id, artist_id, name, crea_year, runtime, bandcamp_id) VALUES (114, 1, 'Chapter 1: With', '2021', 77, '4278727563');
INSERT INTO track (id, artist_id, name, crea_year, runtime, bandcamp_id) VALUES (115, 1, 'Chapter 1: Stumble', '2021', 60, '3994880514');
INSERT INTO track (id, artist_id, name, crea_year, runtime, bandcamp_id) VALUES (116, 1, 'Chapter 1: Torpedo', '2021', 138, '692522577');
INSERT INTO track (id, artist_id, name, crea_year, runtime, bandcamp_id) VALUES (117, 1, 'Chapter 1: Sometime', '2021', 105, '1709224286');
INSERT INTO track (id, artist_id, name, crea_year, runtime, bandcamp_id) VALUES (118, 1, 'Chapter 1: Castle', '2021', 61, '3688777053');
INSERT INTO track (id, artist_id, name, crea_year, runtime, bandcamp_id) VALUES (119, 1, 'Chapter 2: Prayer', '2021', 193, '565821185');
INSERT INTO track (id, artist_id, name, crea_year, runtime, bandcamp_id) VALUES (120, 1, 'Chapter 2: Wait', '2021', 156, '1062999400');
INSERT INTO track (id, artist_id, name, crea_year, runtime, bandcamp_id) VALUES (121, 1, 'Chapter 2: Cargo', '2021', 123, '2551027073');
INSERT INTO track (id, artist_id, name, crea_year, runtime, bandcamp_id) VALUES (122, 1, 'Chapter 2: Volcano', '2021', 82, '4116997227');
INSERT INTO track (id, artist_id, name, crea_year, runtime, bandcamp_id) VALUES (123, 1, 'Chapter 2: Cave', '2021', 87, '3308452957');
INSERT INTO track (id, artist_id, name, crea_year, runtime, bandcamp_id) VALUES (124, 1, 'Chapter 2: Resolution', '2021', 107, '2763249815');
INSERT INTO track (id, artist_id, name, crea_year, runtime, bandcamp_id) VALUES (125, 1, 'Chapter 2: Reunion', '2021', 100, '1503378341');
INSERT INTO track (id, artist_id, name, crea_year, runtime, bandcamp_id) VALUES (126, 1, 'Chapter 2: Decay', '2021', 175, '1348925961');
INSERT INTO track (id, artist_id, name, crea_year, runtime, bandcamp_id) VALUES (127, 1, 'Chapter 2: Breach', '2021', 139, '4122454743');
INSERT INTO track (id, artist_id, name, crea_year, runtime, bandcamp_id) VALUES (128, 1, 'Chapter 2: Unlocked', '2021', 72, '3967486022');
INSERT INTO track (id, artist_id, name, crea_year, runtime, bandcamp_id) VALUES (129, 1, 'Chapter 2: Thrive', '2021', 120, '4049295674');
INSERT INTO track (id, artist_id, name, crea_year, runtime, bandcamp_id) VALUES (130, 1, 'Chapter 3: Three', '2021', 176, '3971755657');
INSERT INTO track (id, artist_id, name, crea_year, runtime, bandcamp_id) VALUES (131, 1, 'Chapter 3: Valley', '2021', 164, '3891676044');
INSERT INTO track (id, artist_id, name, crea_year, runtime, bandcamp_id) VALUES (132, 1, 'Chapter 3: Rope', '2021', 100, '3928291300');
INSERT INTO track (id, artist_id, name, crea_year, runtime, bandcamp_id) VALUES (133, 1, 'Chapter 3: Carusel', '2021', 79, '3971817446');
INSERT INTO track (id, artist_id, name, crea_year, runtime, bandcamp_id) VALUES (134, 1, 'Chapter 3: Angel', '2021', 65, '888489252');
INSERT INTO track (id, artist_id, name, crea_year, runtime, bandcamp_id) VALUES (135, 1, 'Chapter 3: Miss', '2021', 120, '4054553275');
INSERT INTO track (id, artist_id, name, crea_year, runtime, bandcamp_id) VALUES (136, 1, 'Chapter 3: Here', '2021', 118, '1796466518');
INSERT INTO track (id, artist_id, name, crea_year, runtime, bandcamp_id) VALUES (137, 1, 'Chapter 3: Envelope', '2021', 73, '3656826245');
INSERT INTO track (id, artist_id, name, crea_year, runtime, bandcamp_id) VALUES (138, 1, 'Chapter 3: Alps', '2021', 128, '3909172458');
INSERT INTO track (id, artist_id, name, crea_year, runtime, bandcamp_id) VALUES (139, 1, 'Doomer''s Delight: Chapter 1', '2021', 3324, '3516440910');
INSERT INTO track (id, artist_id, name, crea_year, runtime, bandcamp_id) VALUES (140, 1, 'Doomer''s Delight: Chapter 2', '2021', 2452, '3277061765');
INSERT INTO track (id, artist_id, name, crea_year, runtime, bandcamp_id) VALUES (141, 1, 'Doomer''s Delight: Chapter 3', '2021', 1812, '1653084213');
INSERT INTO track (id, artist_id, name, crea_year, runtime, bandcamp_id) VALUES (142, 1, 'Four Four Three', '2022', 122, '1977301269');
INSERT INTO track (id, artist_id, name, crea_year, runtime, bandcamp_id) VALUES (143, 1, 'City Lights', '2022', 134, '2062537666');
INSERT INTO track (id, artist_id, name, crea_year, runtime, bandcamp_id) VALUES (144, 1, 'Final Adventure', '2022', 121, '1133167014');
INSERT INTO track (id, artist_id, name, crea_year, runtime, bandcamp_id) VALUES (145, 1, 'El Loco', '2022', 124, '612204742');
INSERT INTO track (id, artist_id, name, crea_year, runtime, bandcamp_id) VALUES (146, 1, 'Tracked', '2022', 99, '4212700537');
INSERT INTO track (id, artist_id, name, crea_year, runtime, bandcamp_id) VALUES (147, 1, 'Smoking Sea', '2022', 224, '2967327075');
INSERT INTO track (id, artist_id, name, crea_year, runtime, bandcamp_id) VALUES (148, 1, 'Four Four Three (We Ded Version)', '2022', 122, '3035376497');
INSERT INTO track (id, artist_id, name, crea_year, runtime, bandcamp_id) VALUES (149, 1, 'Final Adventure (Not A Tale Version)', '2022', 121, '2767209598');
INSERT INTO track (id, artist_id, name, crea_year, runtime, bandcamp_id) VALUES (150, 1, 'Smoking Sea (feat. Orochi Hanma)', '2022', 227, '3571265655');
INSERT INTO track (id, artist_id, name, crea_year, runtime, bandcamp_id) VALUES (151, 1, 'Compost Heap Triangle', '2023', 164, '3269640172');
INSERT INTO track (id, artist_id, name, crea_year, runtime, bandcamp_id) VALUES (152, 1, 'To Return Home', '2023', 278, '901818364');
INSERT INTO track (id, artist_id, name, crea_year, runtime, bandcamp_id) VALUES (153, 1, 'The Memory', '2023', 298, '2584054182');
INSERT INTO track (id, artist_id, name, crea_year, runtime, bandcamp_id) VALUES (154, 1, 'Biting Wind', '2023', 330, '2504749629');
INSERT INTO track (id, artist_id, name, crea_year, runtime, bandcamp_id) VALUES (155, 1, 'With Darkness Comes Clarity', '2023', 194, '3523773437');
INSERT INTO track (id, artist_id, name, crea_year, runtime, bandcamp_id) VALUES (156, 1, 'Full Moon', '2023', 365, '2021050379');
INSERT INTO track (id, artist_id, name, crea_year, runtime, bandcamp_id) VALUES (157, 1, 'His Task', '2023', 346, '3215503086');
INSERT INTO track (id, artist_id, name, crea_year, runtime, bandcamp_id) VALUES (158, 1, 'Knees On The Floor', '2023', 206, '184290529');
INSERT INTO track (id, artist_id, name, crea_year, runtime, bandcamp_id) VALUES (159, 1, 'Never Arriving', '2023', 148, '2249844393');
INSERT INTO track (id, artist_id, name, crea_year, runtime, bandcamp_id) VALUES (160, 1, 'Collective Departure', '2023', 183, '2886079451');
INSERT INTO track (id, artist_id, name, crea_year, runtime, bandcamp_id) VALUES (161, 1, 'I Have Seen The Shadow Again', '2023', 366, '1234562531');
INSERT INTO track (id, artist_id, name, crea_year, runtime, bandcamp_id) VALUES (162, 1, 'The Dying Spaceship Symphony: Part 1', '2023', 3600, '889204459');
INSERT INTO track (id, artist_id, name, crea_year, runtime, bandcamp_id) VALUES (163, 1, 'The Dying Spaceship Symphony: Part 2', '2023', 3600, '3003788828');
INSERT INTO track (id, artist_id, name, crea_year, runtime, bandcamp_id) VALUES (164, 1, 'The Dying Spaceship Symphony: Part 3', '2023', 3600, '198982169');
INSERT INTO track (id, artist_id, name, crea_year, runtime, bandcamp_id) VALUES (165, 1, 'The Dying Spaceship Symphony: Part 4', '2023', 3600, '3238005567');
INSERT INTO track (id, artist_id, name, crea_year, runtime, bandcamp_id) VALUES (166, 1, 'The Dying Spaceship Symphony: Part 5', '2023', 3600, '741565028');
INSERT INTO track (id, artist_id, name, crea_year, runtime, bandcamp_id) VALUES (167, 1, 'The Dying Spaceship Symphony: Part 6', '2023', 3600, '2009054288');
INSERT INTO track (id, artist_id, name, crea_year, runtime, bandcamp_id) VALUES (168, 1, 'The Dying Spaceship Symphony: Part 7', '2023', 3600, '2382321609');
INSERT INTO track (id, artist_id, name, crea_year, runtime, bandcamp_id) VALUES (169, 1, 'The Dying Spaceship Symphony: Part 8', '2023', 3600, '4010167109');
INSERT INTO track (id, artist_id, name, crea_year, runtime, bandcamp_id) VALUES (170, 1, 'The Dying Spaceship Symphony: Part 9', '2023', 3600, '801143427');
INSERT INTO track (id, artist_id, name, crea_year, runtime, bandcamp_id) VALUES (171, 1, 'The Dying Spaceship Symphony: Part 10', '2023', 3600, '2382100258');
INSERT INTO track (id, artist_id, name, crea_year, runtime, bandcamp_id) VALUES (172, 1, 'Yellow Soul Grinder', '2023', 600, '1255097516');
INSERT INTO track (id, artist_id, name, crea_year, runtime, bandcamp_id) VALUES (173, 7, 'Slow Adventure', '2001', 101, '3237485840');
INSERT INTO track (id, artist_id, name, crea_year, runtime, bandcamp_id) VALUES (174, 7, 'The Answer', '2001', 175, '3066226194');
INSERT INTO track (id, artist_id, name, crea_year, runtime, bandcamp_id) VALUES (175, 7, 'Dirty TripRock', '2002', 331, '1157409039');
INSERT INTO track (id, artist_id, name, crea_year, runtime, bandcamp_id) VALUES (176, 7, 'Moskau Dance', '2002', 236, '3461497364');
INSERT INTO track (id, artist_id, name, crea_year, runtime, bandcamp_id) VALUES (177, 7, 'Killing Someone', '2002', 220, '3605497168');
INSERT INTO track (id, artist_id, name, crea_year, runtime, bandcamp_id) VALUES (178, 7, 'Ambient Source', '2003', 378, '3666563588');
INSERT INTO track (id, artist_id, name, crea_year, runtime, bandcamp_id) VALUES (179, 7, 'The Trip Construction Kit', '2003', 395, '2289975069');
INSERT INTO track (id, artist_id, name, crea_year, runtime, bandcamp_id) VALUES (180, 7, 'We''re Wearing Sunglasses', '2003', 326, '4137232325');
INSERT INTO track (id, artist_id, name, crea_year, runtime, bandcamp_id) VALUES (181, 7, 'She, Gina & I', '2003', 272, '2219573675');
INSERT INTO track (id, artist_id, name, crea_year, runtime, bandcamp_id) VALUES (182, 7, 'Dying Ambient Drone', '2003', 319, '4236043337');
INSERT INTO track (id, artist_id, name, crea_year, runtime, bandcamp_id) VALUES (183, 7, 'Late-Night J', '2004', 262, '2965941599');
INSERT INTO track (id, artist_id, name, crea_year, runtime, bandcamp_id) VALUES (184, 7, 'Chicken vs. Overdrive (feat. Claire)', '2003', 96, '2244230942');
INSERT INTO track (id, artist_id, name, crea_year, runtime, bandcamp_id) VALUES (185, 7, 'All I Know', '2006', 395, '1864935083');
INSERT INTO track (id, artist_id, name, crea_year, runtime, bandcamp_id) VALUES (186, 7, 'Intrutrolude', '2006', 254, '949326331');


INSERT INTO track_credit (track_id, line) VALUES (3, 'Speech - Dr. Timothy Leary (leary.com)');
INSERT INTO track_credit (track_id, line) VALUES (4, 'Speech - Alan Watts (alanwatts.org)');
INSERT INTO track_credit (track_id, line) VALUES (5, 'Additional Harp strings - Esblendet (esblendet.ch)');
INSERT INTO track_credit (track_id, line) VALUES (7, 'Kids playing sample - klankbeeld (freesound.org/people/klankbeeld)');
INSERT INTO track_credit (track_id, line) VALUES (8, 'Didgeridoo - Esblendet');
INSERT INTO track_credit (track_id, line) VALUES (8, 'Vocals - Esblendet');
INSERT INTO track_credit (track_id, line) VALUES (8, 'Breathing - Esblendet');
INSERT INTO track_credit (track_id, line) VALUES (9, 'Speech - Alan Watts (alanwatts.org)');
INSERT INTO track_credit (track_id, line) VALUES (10, 'Coverart photo - A.N.A.M.F. (anamf.it)');
INSERT INTO track_credit (track_id, line) VALUES (12, 'Cover art photo - NASA (nasa.gov)');
INSERT INTO track_credit (track_id, line) VALUES (13, 'Speech - Movie "Plan 9 from Outer Space');
INSERT INTO track_credit (track_id, line) VALUES (13, 'Didgeridoo - Esblendet');
INSERT INTO track_credit (track_id, line) VALUES (16, 'Didgeridoo - Esblendet');
INSERT INTO track_credit (track_id, line) VALUES (16, 'Speech - Movie "Plan 9 from Outer Space');
INSERT INTO track_credit (track_id, line) VALUES (19, 'Didgeridoo - Esblendet');
INSERT INTO track_credit (track_id, line) VALUES (19, 'Speech - Movie "Plan 9 from Outer Space');
INSERT INTO track_credit (track_id, line) VALUES (22, 'Speech - Movie "Plan 9 from Outer Space');
INSERT INTO track_credit (track_id, line) VALUES (23, 'Vocals - Esblendet');
INSERT INTO track_credit (track_id, line) VALUES (23, 'Speech - Movie "Plan 9 from Outer Space');
INSERT INTO track_credit (track_id, line) VALUES (25, 'Speech - Movie "Plan 9 from Outer Space');
INSERT INTO track_credit (track_id, line) VALUES (25, 'Didgeridoo - Esblendet');
INSERT INTO track_credit (track_id, line) VALUES (27, 'Speech - Robert Jamison');
INSERT INTO track_credit (track_id, line) VALUES (28, 'Speech - John Maynard');
INSERT INTO track_credit (track_id, line) VALUES (29, 'Speech - Dr. Carolin Rosin');
INSERT INTO track_credit (track_id, line) VALUES (30, 'Speech - Robert Hastings');
INSERT INTO track_credit (track_id, line) VALUES (32, 'Speech - Dr. Jordan B Peterson (jordanbpeterson.com), from the "2017 Personality 04/05: Heroic and Shamanic Initiations" lecture (youtube.com/watch?v=wLc_MC7NQek)');
INSERT INTO track_credit (track_id, line) VALUES (36, 'Kid calling sample - Klankbeeld (freesound.org/people/klankbeeld)');
INSERT INTO track_credit (track_id, line) VALUES (38, 'Didgeridoo - Esblendet');
INSERT INTO track_credit (track_id, line) VALUES (42, 'Background vocals - Esblendet');
INSERT INTO track_credit (track_id, line) VALUES (62, 'Didgeridoo - Esblendet');
INSERT INTO track_credit (track_id, line) VALUES (62, 'Some vocals - Esblendet');
INSERT INTO track_credit (track_id, line) VALUES (48, 'Some foley samples from the Fencepost material originally released by Evelyn Records in 2002 provided by <1 (lessthanone.bandcamp.com)');
INSERT INTO track_credit (track_id, line) VALUES (49, 'Some foley samples from the Fencepost material originally released by Evelyn Records in 2002 provided by <1 (lessthanone.bandcamp.com)');
INSERT INTO track_credit (track_id, line) VALUES (58, 'Pan Drum - Esblendet');
INSERT INTO track_credit (track_id, line) VALUES (58, 'Guzheng - Esblendet');
INSERT INTO track_credit (track_id, line) VALUES (92, 'Most nature samples - DJs for Climate Action and Greenpeace (djs4ca.com/climate-sample-pack)');
INSERT INTO track_credit (track_id, line) VALUES (97, 'Lyrics - Stevie Lee Price');
INSERT INTO track_credit (track_id, line) VALUES (97, 'Vocals - Stevie Lee Price');
INSERT INTO track_credit (track_id, line) VALUES (100, 'Original track "Haphe" by Klangachse aka ediblewaves (ediblewaves.bandcamp.com)');
INSERT INTO track_credit (track_id, line) VALUES (150, 'Lyrics - Orochi Hanma');
INSERT INTO track_credit (track_id, line) VALUES (150, 'Vocals - Orochi Hanma');
INSERT INTO track_credit (track_id, line) VALUES (184, 'Some vocals - Claire');


INSERT INTO rls (id, artist_id, rls_type_id, label_id, name, pub_date, upd_date, is_freedl, bandcamp_id, description) VALUES (1, 1, 1, NULL, 'Continuoduction', '2016-03-24', NULL, 1, '2223569284', 'The marking of a fresh start.');
INSERT INTO rls (id, artist_id, rls_type_id, label_id, name, pub_date, upd_date, is_freedl, bandcamp_id, description) VALUES (2, 1, 1, NULL, 'I''ll Embrace You Again In Space', '2016-10-13', NULL, 0, '1079688660', 'Thinking of the moment and place when the time''s over.');
INSERT INTO rls (id, artist_id, rls_type_id, label_id, name, pub_date, upd_date, is_freedl, bandcamp_id, description) VALUES (3, 1, 1, NULL, 'Realize It''s Just A Ride', '2017-03-13', NULL, 0, '4004833542', 'Don''t be afraid.');
INSERT INTO rls (id, artist_id, rls_type_id, label_id, name, pub_date, upd_date, is_freedl, bandcamp_id, description) VALUES (4, 1, 1, NULL, 'Nature''s Song', '2017-06-18', NULL, 0, '1367673093', 'You should listen to her more often.');
INSERT INTO rls (id, artist_id, rls_type_id, label_id, name, pub_date, upd_date, is_freedl, bandcamp_id, description) VALUES (5, 1, 1, NULL, 'Following The Calling', '2017-06-20', NULL, 0, '2940566208', 'Gloomy days and bittersweet memories.');
INSERT INTO rls (id, artist_id, rls_type_id, label_id, name, pub_date, upd_date, is_freedl, bandcamp_id, description) VALUES (6, 1, 1, NULL, 'Digging In Memories', '2017-07-03', NULL, 0, '2839011968', 'It all started with a simple thought.');
INSERT INTO rls (id, artist_id, rls_type_id, label_id, name, pub_date, upd_date, is_freedl, bandcamp_id, description) VALUES (7, 1, 1, NULL, 'Heat-Resistant', '2017-07-15', NULL, 0, '2385470360', 'The heat peaks and your body is lazy - you don''t stop.');
INSERT INTO rls (id, artist_id, rls_type_id, label_id, name, pub_date, upd_date, is_freedl, bandcamp_id, description) VALUES (8, 1, 1, NULL, 'Song For Wind', '2017-08-10', NULL, 0, '184259074', 'The wind is strong and you start breathing for the first time in your life.');
INSERT INTO rls (id, artist_id, rls_type_id, label_id, name, pub_date, upd_date, is_freedl, bandcamp_id, description) VALUES (9, 1, 1, NULL, 'Messaggio Per Naelog', '2017-08-25', NULL, 1, '3639731854', 'Just a friendly reminder.');
INSERT INTO rls (id, artist_id, rls_type_id, label_id, name, pub_date, upd_date, is_freedl, bandcamp_id, description) VALUES (10, 1, 1, NULL, 'Martina', '2017-09-22', NULL, 0, '924988911', 'Being back in town for a moment.');
INSERT INTO rls (id, artist_id, rls_type_id, label_id, name, pub_date, upd_date, is_freedl, bandcamp_id, description) VALUES (11, 1, 1, NULL, 'Time', '2017-10-22', NULL, 0, '2055198430', 'When you stop the time for a moment.');
INSERT INTO rls (id, artist_id, rls_type_id, label_id, name, pub_date, upd_date, is_freedl, bandcamp_id, description) VALUES (12, 1, 1, NULL, 'Every Day', '2018-02-27', NULL, 0, '30233859', 'Dedicating this track to all the lonely robots in space.');
INSERT INTO rls (id, artist_id, rls_type_id, label_id, name, pub_date, upd_date, is_freedl, bandcamp_id, description) VALUES (13, 1, 3, NULL, 'MONOLOG', '2018-05-13', NULL, 0, '2581651186', 'Stereophonic pictures recorded by a brain. A deep dive into the abyss of instincts. A honest and unfiltered output of the feelings from an alien that has lost his star map. Trying to dismantle the potential answers to unanswered questions. Faith. Loss. Nostalgia. Change. Life. Death. For you and them. All of us.' || CHAR(10, 10) || 'Limited physical edition is [there](./physical/id:1).');
INSERT INTO rls (id, artist_id, rls_type_id, label_id, name, pub_date, upd_date, is_freedl, bandcamp_id, description) VALUES (14, 1, 1, NULL, 'Searching', '2018-08-13', NULL, 0, '1571954667', 'When you stop satisfying expectations and embrace the beginning of the end.');
INSERT INTO rls (id, artist_id, rls_type_id, label_id, name, pub_date, upd_date, is_freedl, bandcamp_id, description) VALUES (15, 1, 2, 1, 'THE GREAT FILTER', '2018-08-31', NULL, 0, '3617310353', 'When humans get blinded by reality, we must tell them the truth.');
INSERT INTO rls (id, artist_id, rls_type_id, label_id, name, pub_date, upd_date, is_freedl, bandcamp_id, description) VALUES (16, 1, 3, NULL, '2358', '2019-03-13', NULL, 0, '1596302206', 'You wander and stumble. Through space and time. Literally. Soul searching and yearning for the one thing nobody has ever seen, but most have felt... Suddenly, something flickers from the glare of your slowly dying flashlight. "That''s not what I''m looking for!", you think. Nonetheless, your ingrained curiosity is stronger... It''s an ancient recording device with some magnetic cassette tapes lying right beside it.; dust-layered, it kind of looks like it was left here on purpose... One tape is still loaded in the recorder deck. "Whatever! It''s 2 minutes to midnight anyway.", you think - and hit the play button.' || CHAR(10, 10) || 'Limited physical edition is [there](./physical/id:2).');
INSERT INTO rls (id, artist_id, rls_type_id, label_id, name, pub_date, upd_date, is_freedl, bandcamp_id, description) VALUES (17, 1, 1, 1, 'Frozen Memories', '2019-03-29', NULL, 0, '286448283', 'Do you remember, when everything was moving?' || CHAR(10, 10) || 'Made for [Bento Box Vol. 2](./mention/id:7).');
INSERT INTO rls (id, artist_id, rls_type_id, label_id, name, pub_date, upd_date, is_freedl, bandcamp_id, description) VALUES (18, 1, 3, NULL, 'BRAIN I/O', '2019-06-09', '2020-07-13', 0, '2810895713', 'Very personal and raw mind exploration.' || CHAR(10, 10) || 'New output will be added over time to this album...' || CHAR(10) || '#1: 2019-06-09' || CHAR(10) || '#2: 2019-06-13' || CHAR(10) || '#3: 2019-07-02' || CHAR(10) || '#4: 2019-07-12' || CHAR(10) || '#5: 2019-07-20' || CHAR(10) || '#6: 2019-08-15' || CHAR(10) || '#7: 2019-12-12' || CHAR(10) || '#8: 2019-12-28' || CHAR(10) || '#9: 2020-04-23' || CHAR(10) || '#10: 2020-07-13');
INSERT INTO rls (id, artist_id, rls_type_id, label_id, name, pub_date, upd_date, is_freedl, bandcamp_id, description) VALUES (19, 1, 1, 2, 'They Shot My Friend', '2019-07-07', NULL, 0, '3891255445', 'Dedicated to Sina. Rest in peace my friend. I will neither forget nor forgive what they did to you.' || CHAR(10, 10) || 'Made for [The Fencepost Reclamation Project Volume 5](./mention/id:8).');
INSERT INTO rls (id, artist_id, rls_type_id, label_id, name, pub_date, upd_date, is_freedl, bandcamp_id, description) VALUES (20, 1, 1, 2, 'The Sad Lightness Of Being', '2019-07-07', NULL, 0, '2901018221', 'A story about being strong, but still vulnerable.' || CHAR(10, 10) || 'Made for [The Fencepost Reclamation Project Volume 5](./mention/id:8).');
INSERT INTO rls (id, artist_id, rls_type_id, label_id, name, pub_date, upd_date, is_freedl, bandcamp_id, description) VALUES (21, 1, 2, NULL, 'KEEN', '2019-12-13', NULL, 0, '2895888302', 'History is over and the future is just an idea.');
INSERT INTO rls (id, artist_id, rls_type_id, label_id, name, pub_date, upd_date, is_freedl, bandcamp_id, description) VALUES (22, 2, 1, NULL, 'Rainbows & Unicorns', '2019-12-23', NULL, 1, '2223839995', 'For your mellow (xmas) days.');
INSERT INTO rls (id, artist_id, rls_type_id, label_id, name, pub_date, upd_date, is_freedl, bandcamp_id, description) VALUES (23, 1, 3, NULL, 'LET IT ALL GO, Volume 1', '2020-02-13', NULL, 0, '3162557576', 'Sit back and relax. Breathe slowly. Try to focus on one thought at a time. Let your emotions flow, but do not let them overwhelm you. Deconstruct your thoughts. Study each little part. Understand, or accept your confusion for now. You do not have energy. You are energy. Everything is here. In your mind. Peace, you can find. Repeat.' || CHAR(10, 10) || 'Purchases on Bandcamp include 24bit/48kHz versions of both the Original and Waveless Mix.');
INSERT INTO rls (id, artist_id, rls_type_id, label_id, name, pub_date, upd_date, is_freedl, bandcamp_id, description) VALUES (24, 1, 3, NULL, '1996', '2020-06-26', NULL, 0, '3288578507', 'When the past never ends.' || CHAR(10) || 'The future never begins.' || CHAR(10) || 'One can only be.' || CHAR(10) || 'Forever young.' || CHAR(10, 10) || 'When you listen to this album, remember that times and situations change, but your heart doesn''t have to necessarily.');
INSERT INTO rls (id, artist_id, rls_type_id, label_id, name, pub_date, upd_date, is_freedl, bandcamp_id, description) VALUES (25, 1, 3, NULL, 'LET IT ALL GO, Volume 2', '2020-09-03', NULL, 0, '587722148', 'Sit back and relax. Breathe slowly. Try to focus on one thought at a time. Let your emotions flow, but do not let them overwhelm you. Deconstruct your thoughts. Study each little part. Understand, or accept your confusion for now. You do not have energy. You are energy. Everything is here. In your mind. Peace, you can find. Repeat.' || CHAR(10, 10) || 'Track 2 (Binaural Headphone Mix) should be listened on good stereo headphones or it may sound strange. It has binaural beats operating at a frequency of ~1-2Hz (delta pattern).');
INSERT INTO rls (id, artist_id, rls_type_id, label_id, name, pub_date, upd_date, is_freedl, bandcamp_id, description) VALUES (26, 1, 3, NULL, 'CHILL TRACKS 2016-2020', '2020-12-13', NULL, 0, '131808411', 'A selection of chill tracks from my back catalog 2016-2020. I hope you find some relaxation at the end of this unusual year.');
INSERT INTO rls (id, artist_id, rls_type_id, label_id, name, pub_date, upd_date, is_freedl, bandcamp_id, description) VALUES (27, 1, 3, NULL, 'FLOATING HIGH', '2021-01-01', NULL, 0, '1204865255', 'A magic wooden bench.' || CHAR(10) || 'Trees.' || CHAR(10) || 'Wild animals.' || CHAR(10) || 'You.' || CHAR(10) || 'And the cloudy sky.' || CHAR(10, 10) || 'Digital and physical album purchases on Bandcamp include the bonus track "A Night With My Imaginary Friend".' || CHAR(10, 10) || 'Limited physical editions are available as [there](./physical/id:5) and [there](./physical/id:6).');
INSERT INTO rls (id, artist_id, rls_type_id, label_id, name, pub_date, upd_date, is_freedl, bandcamp_id, description) VALUES (28, 1, 1, NULL, 'Uncertain', '2021-05-07', NULL, 0, '2666379051', 'A song about our future.');
INSERT INTO rls (id, artist_id, rls_type_id, label_id, name, pub_date, upd_date, is_freedl, bandcamp_id, description) VALUES (29, 1, 2, NULL, 'THE BAND WITH THE DRUMMER WHO KNEW ONLY ONE RHYTHM', '2021-06-07', NULL, 0, '2317686308', 'A small band plays in a smoky open air club. Their instruments are slightly out of tune. But the crowd doesn''t care. Out of tune experiences is what they got used to.');
INSERT INTO rls (id, artist_id, rls_type_id, label_id, name, pub_date, upd_date, is_freedl, bandcamp_id, description) VALUES (30, 1, 1, NULL, 'Flux', '2021-08-13', NULL, 0, '2224755430', 'Everything. Nothing. Doesn''t matter. You just float. Somewhere. Sometime.');
INSERT INTO rls (id, artist_id, rls_type_id, label_id, name, pub_date, upd_date, is_freedl, bandcamp_id, description) VALUES (31, 5, 4, NULL, 'Haphe (SPARTALIEN''s Wicca Remix)', '2021-08-31', NULL, 1, '563831413', 'A spooky remix of the track [Haphe](//ediblewaves.bandcamp.com/track/haphe) made upon request for [ediblewaves](//ediblewaves.bandcamp.com).');
INSERT INTO rls (id, artist_id, rls_type_id, label_id, name, pub_date, upd_date, is_freedl, bandcamp_id, description) VALUES (32, 1, 3, NULL, 'UNTOLD STORIES', '2021-09-22', NULL, 0, '1766454808', 'Do you know that feeling, when you hear a sound, and you suddenly feel like you''re in another place? When a sound triggers a feeling, or a memory? And then, when the sound is gone, and the world turns silent, you miss the sound?' || CHAR(10, 10) || 'This body of work is quiet, but also loud, and very emotional. Raw, but not rushed, feelings. Intentionally improvised moments to get lost in.' || CHAR(10, 10) || 'There is also a "[Doomer''s Delight](./music/id:33)" special edition.');
INSERT INTO rls (id, artist_id, rls_type_id, label_id, name, pub_date, upd_date, is_freedl, bandcamp_id, description) VALUES (33, 1, 3, NULL, 'UNTOLD STORIES (Doomer''s Delight)', '2021-09-22', NULL, 0, '762897740', 'Do you know that feeling, when you hear a sound, and you suddenly feel like you''re in another place? When a sound triggers a feeling, or a memory? And then, when the sound is gone, and the world turns silent, you miss the sound?' || CHAR(10, 10) || 'This body of work is quiet, but also loud, and very emotional. Raw, but not rushed, feelings. Intentionally improvised moments to get lost in.' || CHAR(10, 10) || 'This is a special edition of [UNTOLD STORIES](./music/id:32).');
INSERT INTO rls (id, artist_id, rls_type_id, label_id, name, pub_date, upd_date, is_freedl, bandcamp_id, description) VALUES (34, 1, 3, NULL, 'OKAY, BUT CAN YOU RAP TO THIS?', '2022-11-23', NULL, 0, '4047724916', 'Some fun tracks to get back into it. Thank you for still being here.');
INSERT INTO rls (id, artist_id, rls_type_id, label_id, name, pub_date, upd_date, is_freedl, bandcamp_id, description) VALUES (35, 1, 3, NULL, 'WARM SUMMER EVENING', '2023-04-21', NULL, 0, '73692186', 'It is a warm summer evening.' || CHAR(10) || 'A light breeze blows gently over the brushwood-covered fields.' || CHAR(10) || 'Clouds drift across the dusky sky and thicken into a black carpet as night approaches.' || CHAR(10, 10) || 'With darkness comes clarity.' || CHAR(10) || 'For a short while, all thoughts, like a waterfall, flow inexorably downwards.' || CHAR(10) || 'Silent images flicker before the closed eyes.' || CHAR(10) || 'Suddenly, the memory.' || CHAR(10) || 'Their departure.' || CHAR(10) || 'His task.' || CHAR(10, 10) || 'The emptiness that fills everything when a heart breaks.' || CHAR(10) || 'The realisation that nothing can be changed.' || CHAR(10) || 'The hope of being allowed to return home soon.' || CHAR(10, 10) || 'Knees on the floor.' || CHAR(10) || 'Breathing calmly.' || CHAR(10) || 'The silent call, loud.' || CHAR(10, 10) || 'Twelve figures manifest in a circle.' || CHAR(10) || 'The thirteen are complete again.' || CHAR(10, 10) || 'An approving nod.' || CHAR(10) || 'A final embrace.' || CHAR(10) || 'A collective departure.' || CHAR(10) || 'Each in a different direction.' || CHAR(10, 10) || 'It is a cold winter evening.' || CHAR(10) || 'A biting wind blows mercilessly across the snow-covered fields.' || CHAR(10) || 'The sky is cloudless and the moon is full.' || CHAR(10, 10, 10) || 'Digital album purchases on Bandcamp include the bonus track "I Have Seen The Shadow Again".');
INSERT INTO rls (id, artist_id, rls_type_id, label_id, name, pub_date, upd_date, is_freedl, bandcamp_id, description) VALUES (36, 1, 3, NULL, 'THE DYING SPACESHIP SYMPHONY', '2023-06-17', NULL, 1, '2972069926', 'The atmosphere of a moment that never seemed to end.' || CHAR(10, 10, 10) || 'Bandcamp exclusive.');
INSERT INTO rls (id, artist_id, rls_type_id, label_id, name, pub_date, upd_date, is_freedl, bandcamp_id, description) VALUES (37, 1, 1, 3, 'Yellow Soul Grinder', '2023-07-13', NULL, 0, '1255097516', 'It was already too late before it started to consume you.' || CHAR(10, 10, 10) || 'Made for [SFTS: The Backrooms Comp : Level 2](./mention/id:14).');
INSERT INTO rls (id, artist_id, rls_type_id, label_id, name, pub_date, upd_date, is_freedl, bandcamp_id, description) VALUES (38, 7, 3, NULL, 'Sound.Ex 1', '2004-10-05', NULL, 1, '2619863095', 'A selection of first steps in creating my own sound (as "[arT2](./catalog/artist:7)" back then). 2001-2006. Experimental trips, dark passages, and a lot of mood-explanation. Whatever.. enjoy.');


INSERT INTO rls_credit (rls_id, line) VALUES (1, 'Coverart photo - NASA (nasa.gov)');
INSERT INTO rls_credit (rls_id, line) VALUES (2, 'Coverart photo - NASA (nasa.gov)');
INSERT INTO rls_credit (rls_id, line) VALUES (4, 'Coverart photo - Unknown Photographer (it''s a Bush TV22)');
INSERT INTO rls_credit (rls_id, line) VALUES (8, 'Coverart drawing - Esblendet');
INSERT INTO rls_credit (rls_id, line) VALUES (13, 'Recorded, composed, mixed and mastered by SPARTALIEN (spartalien.com) between October 2017 and February 2018');
INSERT INTO rls_credit (rls_id, line) VALUES (13, 'Special thanks to Esblendet for... everything. I love you.');
INSERT INTO rls_credit (rls_id, line) VALUES (15, 'Recorded, composed, mixed and mastered by SPARTALIEN (spartalien.com)');
INSERT INTO rls_credit (rls_id, line) VALUES (16, 'Recorded, composed, mixed and mastered by SPARTALIEN (spartalien.com) between August 2018 and March 2019');
INSERT INTO rls_credit (rls_id, line) VALUES (21, 'Recorded, composed, mixed and mastered by SPARTALIEN (spartalien.com) in November 2019');
INSERT INTO rls_credit (rls_id, line) VALUES (22, 'Coverart Unicorn - Unknown Artist');
INSERT INTO rls_credit (rls_id, line) VALUES (22, 'Coverart Rainbow Texture - kitti851');
INSERT INTO rls_credit (rls_id, line) VALUES (24, 'Recorded, composed, mixed and mastered by SPARTALIEN (spartalien.com) between March and June 2020');
INSERT INTO rls_credit (rls_id, line) VALUES (27, 'Recorded, composed, mixed and mastered by SPARTALIEN (spartalien.com) between September and December 2020');
INSERT INTO rls_credit (rls_id, line) VALUES (28, 'Special thanks to DJs for Climate Action and Greenpeace for taking action');
INSERT INTO rls_credit (rls_id, line) VALUES (29, 'Special thanks to the Might crew (might.digital) who started the creation process of these tracks');
INSERT INTO rls_credit (rls_id, line) VALUES (30, 'Coverart Ocean Photo - Rachel Claire');
INSERT INTO rls_credit (rls_id, line) VALUES (32, 'Recorded, composed, mixed and mastered by SPARTALIEN (spartalien.com) between July and August 2021');
INSERT INTO rls_credit (rls_id, line) VALUES (33, 'Recorded, composed, mixed and mastered by SPARTALIEN (spartalien.com) between July and August 2021');
INSERT INTO rls_credit (rls_id, line) VALUES (34, 'Recorded, composed, mixed and mastered by SPARTALIEN (spartalien.com) between June and October 2022');
INSERT INTO rls_credit (rls_id, line) VALUES (35, 'Recorded, composed, mixed and mastered by SPARTALIEN (spartalien.com) between November 2022 and March 2023');


INSERT INTO rls_tracklist (rls_id, track_id) VALUES (1, 1);
INSERT INTO rls_tracklist (rls_id, track_id) VALUES (2, 2);
INSERT INTO rls_tracklist (rls_id, track_id) VALUES (3, 3);
INSERT INTO rls_tracklist (rls_id, track_id) VALUES (4, 4);
INSERT INTO rls_tracklist (rls_id, track_id) VALUES (5, 5);
INSERT INTO rls_tracklist (rls_id, track_id) VALUES (6, 6);
INSERT INTO rls_tracklist (rls_id, track_id) VALUES (7, 7);
INSERT INTO rls_tracklist (rls_id, track_id) VALUES (8, 8);
INSERT INTO rls_tracklist (rls_id, track_id) VALUES (9, 9);
INSERT INTO rls_tracklist (rls_id, track_id) VALUES (10, 10);
INSERT INTO rls_tracklist (rls_id, track_id) VALUES (11, 11);
INSERT INTO rls_tracklist (rls_id, track_id) VALUES (12, 12);
INSERT INTO rls_tracklist (rls_id, track_id) VALUES (13, 13);
INSERT INTO rls_tracklist (rls_id, track_id) VALUES (13, 14);
INSERT INTO rls_tracklist (rls_id, track_id) VALUES (13, 15);
INSERT INTO rls_tracklist (rls_id, track_id) VALUES (13, 16);
INSERT INTO rls_tracklist (rls_id, track_id) VALUES (13, 17);
INSERT INTO rls_tracklist (rls_id, track_id) VALUES (13, 18);
INSERT INTO rls_tracklist (rls_id, track_id) VALUES (13, 19);
INSERT INTO rls_tracklist (rls_id, track_id) VALUES (13, 20);
INSERT INTO rls_tracklist (rls_id, track_id) VALUES (13, 21);
INSERT INTO rls_tracklist (rls_id, track_id) VALUES (13, 22);
INSERT INTO rls_tracklist (rls_id, track_id) VALUES (13, 23);
INSERT INTO rls_tracklist (rls_id, track_id) VALUES (13, 24);
INSERT INTO rls_tracklist (rls_id, track_id) VALUES (13, 25);
INSERT INTO rls_tracklist (rls_id, track_id) VALUES (14, 26);
INSERT INTO rls_tracklist (rls_id, track_id) VALUES (15, 27);
INSERT INTO rls_tracklist (rls_id, track_id) VALUES (15, 28);
INSERT INTO rls_tracklist (rls_id, track_id) VALUES (15, 29);
INSERT INTO rls_tracklist (rls_id, track_id) VALUES (15, 30);
INSERT INTO rls_tracklist (rls_id, track_id) VALUES (16, 31);
INSERT INTO rls_tracklist (rls_id, track_id) VALUES (16, 32);
INSERT INTO rls_tracklist (rls_id, track_id) VALUES (16, 33);
INSERT INTO rls_tracklist (rls_id, track_id) VALUES (16, 34);
INSERT INTO rls_tracklist (rls_id, track_id) VALUES (16, 35);
INSERT INTO rls_tracklist (rls_id, track_id) VALUES (16, 36);
INSERT INTO rls_tracklist (rls_id, track_id) VALUES (16, 37);
INSERT INTO rls_tracklist (rls_id, track_id) VALUES (16, 38);
INSERT INTO rls_tracklist (rls_id, track_id) VALUES (16, 39);
INSERT INTO rls_tracklist (rls_id, track_id) VALUES (16, 40);
INSERT INTO rls_tracklist (rls_id, track_id) VALUES (16, 41);
INSERT INTO rls_tracklist (rls_id, track_id) VALUES (16, 42);
INSERT INTO rls_tracklist (rls_id, track_id) VALUES (16, 43);
INSERT INTO rls_tracklist (rls_id, track_id) VALUES (17, 44);
INSERT INTO rls_tracklist (rls_id, track_id) VALUES (18, 45);
INSERT INTO rls_tracklist (rls_id, track_id) VALUES (18, 46);
INSERT INTO rls_tracklist (rls_id, track_id) VALUES (18, 47);
INSERT INTO rls_tracklist (rls_id, track_id) VALUES (18, 50);
INSERT INTO rls_tracklist (rls_id, track_id) VALUES (18, 51);
INSERT INTO rls_tracklist (rls_id, track_id) VALUES (18, 52);
INSERT INTO rls_tracklist (rls_id, track_id) VALUES (18, 53);
INSERT INTO rls_tracklist (rls_id, track_id) VALUES (18, 59);
INSERT INTO rls_tracklist (rls_id, track_id) VALUES (18, 62);
INSERT INTO rls_tracklist (rls_id, track_id) VALUES (18, 76);
INSERT INTO rls_tracklist (rls_id, track_id) VALUES (19, 48);
INSERT INTO rls_tracklist (rls_id, track_id) VALUES (20, 49);
INSERT INTO rls_tracklist (rls_id, track_id) VALUES (21, 54);
INSERT INTO rls_tracklist (rls_id, track_id) VALUES (21, 55);
INSERT INTO rls_tracklist (rls_id, track_id) VALUES (21, 56);
INSERT INTO rls_tracklist (rls_id, track_id) VALUES (21, 57);
INSERT INTO rls_tracklist (rls_id, track_id) VALUES (22, 58);
INSERT INTO rls_tracklist (rls_id, track_id) VALUES (23, 60);
INSERT INTO rls_tracklist (rls_id, track_id) VALUES (23, 61);
INSERT INTO rls_tracklist (rls_id, track_id) VALUES (24, 63);
INSERT INTO rls_tracklist (rls_id, track_id) VALUES (24, 64);
INSERT INTO rls_tracklist (rls_id, track_id) VALUES (24, 65);
INSERT INTO rls_tracklist (rls_id, track_id) VALUES (24, 66);
INSERT INTO rls_tracklist (rls_id, track_id) VALUES (24, 67);
INSERT INTO rls_tracklist (rls_id, track_id) VALUES (24, 68);
INSERT INTO rls_tracklist (rls_id, track_id) VALUES (24, 69);
INSERT INTO rls_tracklist (rls_id, track_id) VALUES (24, 70);
INSERT INTO rls_tracklist (rls_id, track_id) VALUES (24, 71);
INSERT INTO rls_tracklist (rls_id, track_id) VALUES (24, 72);
INSERT INTO rls_tracklist (rls_id, track_id) VALUES (24, 73);
INSERT INTO rls_tracklist (rls_id, track_id) VALUES (24, 74);
INSERT INTO rls_tracklist (rls_id, track_id) VALUES (24, 75);
INSERT INTO rls_tracklist (rls_id, track_id) VALUES (25, 77);
INSERT INTO rls_tracklist (rls_id, track_id) VALUES (25, 78);
INSERT INTO rls_tracklist (rls_id, track_id) VALUES (25, 79);
INSERT INTO rls_tracklist (rls_id, track_id) VALUES (25, 80);
INSERT INTO rls_tracklist (rls_id, track_id) VALUES (26, 1);
INSERT INTO rls_tracklist (rls_id, track_id) VALUES (26, 9);
INSERT INTO rls_tracklist (rls_id, track_id) VALUES (26, 10);
INSERT INTO rls_tracklist (rls_id, track_id) VALUES (26, 11);
INSERT INTO rls_tracklist (rls_id, track_id) VALUES (26, 15);
INSERT INTO rls_tracklist (rls_id, track_id) VALUES (26, 24);
INSERT INTO rls_tracklist (rls_id, track_id) VALUES (26, 33);
INSERT INTO rls_tracklist (rls_id, track_id) VALUES (26, 44);
INSERT INTO rls_tracklist (rls_id, track_id) VALUES (26, 58);
INSERT INTO rls_tracklist (rls_id, track_id) VALUES (26, 32);
INSERT INTO rls_tracklist (rls_id, track_id) VALUES (26, 77);
INSERT INTO rls_tracklist (rls_id, track_id) VALUES (27, 81);
INSERT INTO rls_tracklist (rls_id, track_id) VALUES (27, 82);
INSERT INTO rls_tracklist (rls_id, track_id) VALUES (27, 83);
INSERT INTO rls_tracklist (rls_id, track_id) VALUES (27, 84);
INSERT INTO rls_tracklist (rls_id, track_id) VALUES (27, 85);
INSERT INTO rls_tracklist (rls_id, track_id) VALUES (27, 86);
INSERT INTO rls_tracklist (rls_id, track_id) VALUES (27, 87);
INSERT INTO rls_tracklist (rls_id, track_id) VALUES (27, 88);
INSERT INTO rls_tracklist (rls_id, track_id) VALUES (27, 89);
INSERT INTO rls_tracklist (rls_id, track_id) VALUES (27, 90);
INSERT INTO rls_tracklist (rls_id, track_id) VALUES (27, 91);
INSERT INTO rls_tracklist (rls_id, track_id) VALUES (28, 92);
INSERT INTO rls_tracklist (rls_id, track_id) VALUES (29, 93);
INSERT INTO rls_tracklist (rls_id, track_id) VALUES (29, 94);
INSERT INTO rls_tracklist (rls_id, track_id) VALUES (29, 95);
INSERT INTO rls_tracklist (rls_id, track_id) VALUES (29, 96);
INSERT INTO rls_tracklist (rls_id, track_id) VALUES (30, 97);
INSERT INTO rls_tracklist (rls_id, track_id) VALUES (30, 98);
INSERT INTO rls_tracklist (rls_id, track_id) VALUES (30, 99);
INSERT INTO rls_tracklist (rls_id, track_id) VALUES (31, 100);
INSERT INTO rls_tracklist (rls_id, track_id) VALUES (32, 101);
INSERT INTO rls_tracklist (rls_id, track_id) VALUES (32, 102);
INSERT INTO rls_tracklist (rls_id, track_id) VALUES (32, 103);
INSERT INTO rls_tracklist (rls_id, track_id) VALUES (32, 104);
INSERT INTO rls_tracklist (rls_id, track_id) VALUES (32, 105);
INSERT INTO rls_tracklist (rls_id, track_id) VALUES (32, 106);
INSERT INTO rls_tracklist (rls_id, track_id) VALUES (32, 107);
INSERT INTO rls_tracklist (rls_id, track_id) VALUES (32, 108);
INSERT INTO rls_tracklist (rls_id, track_id) VALUES (32, 109);
INSERT INTO rls_tracklist (rls_id, track_id) VALUES (32, 110);
INSERT INTO rls_tracklist (rls_id, track_id) VALUES (32, 111);
INSERT INTO rls_tracklist (rls_id, track_id) VALUES (32, 112);
INSERT INTO rls_tracklist (rls_id, track_id) VALUES (32, 113);
INSERT INTO rls_tracklist (rls_id, track_id) VALUES (32, 114);
INSERT INTO rls_tracklist (rls_id, track_id) VALUES (32, 115);
INSERT INTO rls_tracklist (rls_id, track_id) VALUES (32, 116);
INSERT INTO rls_tracklist (rls_id, track_id) VALUES (32, 117);
INSERT INTO rls_tracklist (rls_id, track_id) VALUES (32, 118);
INSERT INTO rls_tracklist (rls_id, track_id) VALUES (32, 119);
INSERT INTO rls_tracklist (rls_id, track_id) VALUES (32, 120);
INSERT INTO rls_tracklist (rls_id, track_id) VALUES (32, 121);
INSERT INTO rls_tracklist (rls_id, track_id) VALUES (32, 122);
INSERT INTO rls_tracklist (rls_id, track_id) VALUES (32, 123);
INSERT INTO rls_tracklist (rls_id, track_id) VALUES (32, 124);
INSERT INTO rls_tracklist (rls_id, track_id) VALUES (32, 125);
INSERT INTO rls_tracklist (rls_id, track_id) VALUES (32, 126);
INSERT INTO rls_tracklist (rls_id, track_id) VALUES (32, 127);
INSERT INTO rls_tracklist (rls_id, track_id) VALUES (32, 128);
INSERT INTO rls_tracklist (rls_id, track_id) VALUES (32, 129);
INSERT INTO rls_tracklist (rls_id, track_id) VALUES (32, 130);
INSERT INTO rls_tracklist (rls_id, track_id) VALUES (32, 131);
INSERT INTO rls_tracklist (rls_id, track_id) VALUES (32, 132);
INSERT INTO rls_tracklist (rls_id, track_id) VALUES (32, 133);
INSERT INTO rls_tracklist (rls_id, track_id) VALUES (32, 134);
INSERT INTO rls_tracklist (rls_id, track_id) VALUES (32, 135);
INSERT INTO rls_tracklist (rls_id, track_id) VALUES (32, 136);
INSERT INTO rls_tracklist (rls_id, track_id) VALUES (32, 137);
INSERT INTO rls_tracklist (rls_id, track_id) VALUES (32, 138);
INSERT INTO rls_tracklist (rls_id, track_id) VALUES (33, 139);
INSERT INTO rls_tracklist (rls_id, track_id) VALUES (33, 140);
INSERT INTO rls_tracklist (rls_id, track_id) VALUES (33, 141);
INSERT INTO rls_tracklist (rls_id, track_id) VALUES (34, 142);
INSERT INTO rls_tracklist (rls_id, track_id) VALUES (34, 143);
INSERT INTO rls_tracklist (rls_id, track_id) VALUES (34, 144);
INSERT INTO rls_tracklist (rls_id, track_id) VALUES (34, 145);
INSERT INTO rls_tracklist (rls_id, track_id) VALUES (34, 146);
INSERT INTO rls_tracklist (rls_id, track_id) VALUES (34, 147);
INSERT INTO rls_tracklist (rls_id, track_id) VALUES (34, 148);
INSERT INTO rls_tracklist (rls_id, track_id) VALUES (34, 149);
INSERT INTO rls_tracklist (rls_id, track_id) VALUES (34, 150);
INSERT INTO rls_tracklist (rls_id, track_id) VALUES (35, 151);
INSERT INTO rls_tracklist (rls_id, track_id) VALUES (35, 152);
INSERT INTO rls_tracklist (rls_id, track_id) VALUES (35, 153);
INSERT INTO rls_tracklist (rls_id, track_id) VALUES (35, 154);
INSERT INTO rls_tracklist (rls_id, track_id) VALUES (35, 155);
INSERT INTO rls_tracklist (rls_id, track_id) VALUES (35, 156);
INSERT INTO rls_tracklist (rls_id, track_id) VALUES (35, 157);
INSERT INTO rls_tracklist (rls_id, track_id) VALUES (35, 158);
INSERT INTO rls_tracklist (rls_id, track_id) VALUES (35, 159);
INSERT INTO rls_tracklist (rls_id, track_id) VALUES (35, 160);
INSERT INTO rls_tracklist (rls_id, track_id) VALUES (35, 161);
INSERT INTO rls_tracklist (rls_id, track_id) VALUES (36, 162);
INSERT INTO rls_tracklist (rls_id, track_id) VALUES (36, 163);
INSERT INTO rls_tracklist (rls_id, track_id) VALUES (36, 164);
INSERT INTO rls_tracklist (rls_id, track_id) VALUES (36, 165);
INSERT INTO rls_tracklist (rls_id, track_id) VALUES (36, 166);
INSERT INTO rls_tracklist (rls_id, track_id) VALUES (36, 167);
INSERT INTO rls_tracklist (rls_id, track_id) VALUES (36, 168);
INSERT INTO rls_tracklist (rls_id, track_id) VALUES (36, 169);
INSERT INTO rls_tracklist (rls_id, track_id) VALUES (36, 170);
INSERT INTO rls_tracklist (rls_id, track_id) VALUES (36, 171);
INSERT INTO rls_tracklist (rls_id, track_id) VALUES (37, 172);
INSERT INTO rls_tracklist (rls_id, track_id) VALUES (38, 173);
INSERT INTO rls_tracklist (rls_id, track_id) VALUES (38, 174);
INSERT INTO rls_tracklist (rls_id, track_id) VALUES (38, 175);
INSERT INTO rls_tracklist (rls_id, track_id) VALUES (38, 176);
INSERT INTO rls_tracklist (rls_id, track_id) VALUES (38, 177);
INSERT INTO rls_tracklist (rls_id, track_id) VALUES (38, 178);
INSERT INTO rls_tracklist (rls_id, track_id) VALUES (38, 179);
INSERT INTO rls_tracklist (rls_id, track_id) VALUES (38, 180);
INSERT INTO rls_tracklist (rls_id, track_id) VALUES (38, 181);
INSERT INTO rls_tracklist (rls_id, track_id) VALUES (38, 182);
INSERT INTO rls_tracklist (rls_id, track_id) VALUES (38, 183);
INSERT INTO rls_tracklist (rls_id, track_id) VALUES (38, 184);
INSERT INTO rls_tracklist (rls_id, track_id) VALUES (38, 185);
INSERT INTO rls_tracklist (rls_id, track_id) VALUES (38, 186);


INSERT INTO rls_media (rls_id, code) VALUES (1, '{"type": "youtubevideo", "slug": "QZovE8JDsXU"}');
INSERT INTO rls_media (rls_id, code) VALUES (2, '{"type": "youtubevideo", "slug": "cC4vSYqYbYA"}');
INSERT INTO rls_media (rls_id, code) VALUES (3, '{"type": "youtubevideo", "slug": "v3aCJysvutk"}');
INSERT INTO rls_media (rls_id, code) VALUES (4, '{"type": "youtubevideo", "slug": "KYNIayrc074"}');
INSERT INTO rls_media (rls_id, code) VALUES (9, '{"type": "youtubevideo", "slug": "QfDUgPrOhbA"}');
INSERT INTO rls_media (rls_id, code) VALUES (12, '{"type": "youtubevideo", "slug": "hbqMU8nkFNs"}');
INSERT INTO rls_media (rls_id, code) VALUES (16, '{"type": "youtubevideo", "slug": "Yf_Q5zuvdOQ"}');
INSERT INTO rls_media (rls_id, code) VALUES (16, '{"type": "youtubevideo", "slug": "Roib2OdFF2U"}');
INSERT INTO rls_media (rls_id, code) VALUES (18, '{"type": "youtubeplaylist", "slug": "PLGOlCfPCyZ4HXSGHqzH54kjHcIc79tJC5"}');
INSERT INTO rls_media (rls_id, code) VALUES (18, '{"type": "youtubevideo", "slug": "FUErhO5OW1M"}');
INSERT INTO rls_media (rls_id, code) VALUES (21, '{"type": "youtubeplaylist", "slug": "OLAK5uy_kzqRHNeABeBfON3ukcbuzvUWAWYbw8TQ4"}');
INSERT INTO rls_media (rls_id, code) VALUES (22, '{"type": "link", "slug": "//stream.resonate.coop/artist/20951/release/rainbows-unicorns", "text": "Rainbows & Unicorns on Resonate"}');
INSERT INTO rls_media (rls_id, code) VALUES (23, '{"type": "youtubevideo", "slug": "D0GvSMubkFw"}');
INSERT INTO rls_media (rls_id, code) VALUES (23, '{"type": "youtubevideo", "slug": "a8GS5Iw0UyU"}');
INSERT INTO rls_media (rls_id, code) VALUES (25, '{"type": "youtubevideo", "slug": "4HLmwToUeXw"}');
INSERT INTO rls_media (rls_id, code) VALUES (30, '{"type": "link", "slug": "./file/flux-lyrics.html", "text": "Lyrics.html", "target": "_blank"}');
INSERT INTO rls_media (rls_id, code) VALUES (30, '{"type": "link", "slug": "//stream.resonate.coop/artist/20951/release/flux", "text": "Flux on Resonate"}');
INSERT INTO rls_media (rls_id, code) VALUES (30, '{"type": "youtubevideo", "slug": "mE4p5UV62sw"}');
INSERT INTO rls_media (rls_id, code) VALUES (32, '{"type": "youtubevideo", "slug": "mseAapnJomY"}');
INSERT INTO rls_media (rls_id, code) VALUES (34, '{"type": "link", "slug": "./file/smoking-sea-lyrics.html", "text": "Smoking-Sea-Lyrics.html", "target": "_blank"}');
INSERT INTO rls_media (rls_id, code) VALUES (34, '{"type": "link", "slug": "//stream.resonate.coop/artist/20951/release/okay-but-can-you-rap-to-this", "text": "OKAY, BUT CAN YOU RAP TO THIS? on Resonate"}');
INSERT INTO rls_media (rls_id, code) VALUES (35, '{"type": "youtubeplaylist", "slug": "PLGOlCfPCyZ4EHWNjgL5g5bRG6bur9dUXf"}');
INSERT INTO rls_media (rls_id, code) VALUES (38, '{"type": "image", "slug": "./file/old-soundex/00-arT2-Sound.Ex-front.jpg", "linkto": "./file/old-soundex/00-arT2-Sound.Ex-front.jpg"}');
INSERT INTO rls_media (rls_id, code) VALUES (38, '{"type": "image", "slug": "./file/old-soundex/00-arT2-Sound.Ex-back.jpg", "linkto": "./file/old-soundex/00-arT2-Sound.Ex-back.jpg"}');


INSERT INTO track_dist (track_id, platform, url) VALUES (1, 'bandcamp', '//spartalien.bandcamp.com/track/continuoduction');
INSERT INTO track_dist (track_id, platform, url) VALUES (1, 'spotify', '//open.spotify.com/track/2Clx7jPmYSA21DbB0FKxUR');
INSERT INTO track_dist (track_id, platform, url) VALUES (2, 'bandcamp', '//spartalien.bandcamp.com/track/ill-embrace-you-again-in-space');
INSERT INTO track_dist (track_id, platform, url) VALUES (2, 'spotify', '//open.spotify.com/track/3QmCKvjLtKXS4vQD6822rf');
INSERT INTO track_dist (track_id, platform, url) VALUES (3, 'bandcamp', '//spartalien.bandcamp.com/track/realize-its-just-a-ride');
INSERT INTO track_dist (track_id, platform, url) VALUES (3, 'spotify', '//open.spotify.com/track/7LwAhr4FxPmxhsM0X4C2h6');
INSERT INTO track_dist (track_id, platform, url) VALUES (4, 'bandcamp', '//spartalien.bandcamp.com/track/natures-song');
INSERT INTO track_dist (track_id, platform, url) VALUES (4, 'spotify', '//open.spotify.com/track/0Fnu4vn6XsiUpI2ECJyr5K');
INSERT INTO track_dist (track_id, platform, url) VALUES (5, 'bandcamp', '//spartalien.bandcamp.com/track/following-the-calling');
INSERT INTO track_dist (track_id, platform, url) VALUES (5, 'spotify', '//open.spotify.com/track/5DlhcOQXlUESTOhNWL4wQ5');
INSERT INTO track_dist (track_id, platform, url) VALUES (6, 'bandcamp', '//spartalien.bandcamp.com/track/digging-in-memories');
INSERT INTO track_dist (track_id, platform, url) VALUES (6, 'spotify', '//open.spotify.com/track/5JmknWTUqtJZ2Qhb3MMoCo');
INSERT INTO track_dist (track_id, platform, url) VALUES (7, 'bandcamp', '//spartalien.bandcamp.com/track/heat-resistant');
INSERT INTO track_dist (track_id, platform, url) VALUES (7, 'spotify', '//open.spotify.com/track/3VikP8t1yyx98cPKTinZDO');
INSERT INTO track_dist (track_id, platform, url) VALUES (8, 'bandcamp', '//spartalien.bandcamp.com/track/song-for-wind');
INSERT INTO track_dist (track_id, platform, url) VALUES (8, 'spotify', '//open.spotify.com/track/6Y5r9u7mHDudhTx90XTEF3');
INSERT INTO track_dist (track_id, platform, url) VALUES (9, 'bandcamp', '//spartalien.bandcamp.com/track/messaggio-per-naelog');
INSERT INTO track_dist (track_id, platform, url) VALUES (9, 'spotify', '//open.spotify.com/track/2bwflOuvNhQgtaCA4zI40e');
INSERT INTO track_dist (track_id, platform, url) VALUES (10, 'bandcamp', '//spartalien.bandcamp.com/track/martina');
INSERT INTO track_dist (track_id, platform, url) VALUES (10, 'spotify', '//open.spotify.com/track/6FSbzkJMMxfi9o2QopDW2W');
INSERT INTO track_dist (track_id, platform, url) VALUES (11, 'bandcamp', '//spartalien.bandcamp.com/track/time');
INSERT INTO track_dist (track_id, platform, url) VALUES (11, 'spotify', '//open.spotify.com/track/3AGRNrD23jzBOThTUGvygn');
INSERT INTO track_dist (track_id, platform, url) VALUES (12, 'bandcamp', '//spartalien.bandcamp.com/track/every-day');
INSERT INTO track_dist (track_id, platform, url) VALUES (12, 'spotify', '//open.spotify.com/track/3XStzziKE8h0Hzw6cT5OAd');
INSERT INTO track_dist (track_id, platform, url) VALUES (13, 'bandcamp', '//spartalien.bandcamp.com/track/setting-the-mood-intro');
INSERT INTO track_dist (track_id, platform, url) VALUES (13, 'spotify', '//open.spotify.com/track/5ur6odmpd8TQzb9mu54L13');
INSERT INTO track_dist (track_id, platform, url) VALUES (14, 'bandcamp', '//spartalien.bandcamp.com/track/calling-you');
INSERT INTO track_dist (track_id, platform, url) VALUES (14, 'spotify', '//open.spotify.com/track/29rXn1MGNwPEYNI0a9xPjN');
INSERT INTO track_dist (track_id, platform, url) VALUES (15, 'bandcamp', '//spartalien.bandcamp.com/track/transformation');
INSERT INTO track_dist (track_id, platform, url) VALUES (15, 'spotify', '//open.spotify.com/track/79r2WMH7HP2ObHmmiCC4FP');
INSERT INTO track_dist (track_id, platform, url) VALUES (16, 'bandcamp', '//spartalien.bandcamp.com/track/denial-interlude-1');
INSERT INTO track_dist (track_id, platform, url) VALUES (16, 'spotify', '//open.spotify.com/track/74i5KgBZVbdLqUpChlmCJO');
INSERT INTO track_dist (track_id, platform, url) VALUES (17, 'bandcamp', '//spartalien.bandcamp.com/track/clinging');
INSERT INTO track_dist (track_id, platform, url) VALUES (17, 'spotify', '//open.spotify.com/track/2BJ5TaUH2bBpSShnzIsQHQ');
INSERT INTO track_dist (track_id, platform, url) VALUES (18, 'bandcamp', '//spartalien.bandcamp.com/track/deadline');
INSERT INTO track_dist (track_id, platform, url) VALUES (18, 'spotify', '//open.spotify.com/track/6V0PZxWorYnSpfd3dmgEhc');
INSERT INTO track_dist (track_id, platform, url) VALUES (19, 'bandcamp', '//spartalien.bandcamp.com/track/blurry-sight-interlude-2');
INSERT INTO track_dist (track_id, platform, url) VALUES (19, 'spotify', '//open.spotify.com/track/1ITvOk5TsMIjAAvMHF4H4I');
INSERT INTO track_dist (track_id, platform, url) VALUES (20, 'bandcamp', '//spartalien.bandcamp.com/track/moping');
INSERT INTO track_dist (track_id, platform, url) VALUES (20, 'spotify', '//open.spotify.com/track/6weqsiXr8mtjjMaKfdMqgX');
INSERT INTO track_dist (track_id, platform, url) VALUES (21, 'bandcamp', '//spartalien.bandcamp.com/track/drifting');
INSERT INTO track_dist (track_id, platform, url) VALUES (21, 'spotify', '//open.spotify.com/track/3t0EygHwCbzrrSUQGpymWL');
INSERT INTO track_dist (track_id, platform, url) VALUES (22, 'bandcamp', '//spartalien.bandcamp.com/track/approach-interlude-3');
INSERT INTO track_dist (track_id, platform, url) VALUES (22, 'spotify', '//open.spotify.com/track/0LIgV49H88ZkK6UKZgk07D');
INSERT INTO track_dist (track_id, platform, url) VALUES (23, 'bandcamp', '//spartalien.bandcamp.com/track/unforeseen-end');
INSERT INTO track_dist (track_id, platform, url) VALUES (23, 'spotify', '//open.spotify.com/track/4LzVjFp0EOklES1CSVHknm');
INSERT INTO track_dist (track_id, platform, url) VALUES (24, 'bandcamp', '//spartalien.bandcamp.com/track/il-tramonto-del-sole');
INSERT INTO track_dist (track_id, platform, url) VALUES (24, 'spotify', '//open.spotify.com/track/2cdXGmXi8fN85POLGBdRZd');
INSERT INTO track_dist (track_id, platform, url) VALUES (25, 'bandcamp', '//spartalien.bandcamp.com/track/good-bye-cruel-world-outro');
INSERT INTO track_dist (track_id, platform, url) VALUES (25, 'spotify', '//open.spotify.com/track/3EqMYFQe5Vjpu5J4gkcckX');
INSERT INTO track_dist (track_id, platform, url) VALUES (26, 'bandcamp', '//spartalien.bandcamp.com/track/searching');
INSERT INTO track_dist (track_id, platform, url) VALUES (26, 'spotify', '//open.spotify.com/track/0zFZIbuKaLJ0bm9MecHfk0');
INSERT INTO track_dist (track_id, platform, url) VALUES (27, 'bandcamp', '//spartalien.bandcamp.com/track/craving-for-change');
INSERT INTO track_dist (track_id, platform, url) VALUES (27, 'spotify', '//open.spotify.com/track/0ES940tpYrfrJo9VFpFLJT');
INSERT INTO track_dist (track_id, platform, url) VALUES (28, 'bandcamp', '//spartalien.bandcamp.com/track/devils-lure');
INSERT INTO track_dist (track_id, platform, url) VALUES (28, 'spotify', '//open.spotify.com/track/1t3VBiPIBIjtAetrN55AVa');
INSERT INTO track_dist (track_id, platform, url) VALUES (29, 'bandcamp', '//spartalien.bandcamp.com/track/the-last-card');
INSERT INTO track_dist (track_id, platform, url) VALUES (29, 'spotify', '//open.spotify.com/track/1H6GPU7yVjx2GUhsMnM0DL');
INSERT INTO track_dist (track_id, platform, url) VALUES (30, 'bandcamp', '//spartalien.bandcamp.com/track/campfires');
INSERT INTO track_dist (track_id, platform, url) VALUES (30, 'spotify', '//open.spotify.com/track/5byHjniOidfVH1fXricnxe');
INSERT INTO track_dist (track_id, platform, url) VALUES (31, 'bandcamp', '//spartalien.bandcamp.com/track/start-of-transmission-intro');
INSERT INTO track_dist (track_id, platform, url) VALUES (31, 'spotify', '//open.spotify.com/track/0xpfF0AgmQfzoYwnnRLV3f');
INSERT INTO track_dist (track_id, platform, url) VALUES (32, 'bandcamp', '//spartalien.bandcamp.com/track/incantare');
INSERT INTO track_dist (track_id, platform, url) VALUES (32, 'spotify', '//open.spotify.com/track/4qxWuUuqNMkkw8kB4kDGfP');
INSERT INTO track_dist (track_id, platform, url) VALUES (33, 'bandcamp', '//spartalien.bandcamp.com/track/spelunca');
INSERT INTO track_dist (track_id, platform, url) VALUES (33, 'spotify', '//open.spotify.com/track/2Vq3uKLlcyaJ5DxjKUg9z7');
INSERT INTO track_dist (track_id, platform, url) VALUES (34, 'bandcamp', '//spartalien.bandcamp.com/track/s2x4-interlude-1');
INSERT INTO track_dist (track_id, platform, url) VALUES (34, 'spotify', '//open.spotify.com/track/3wAPPmYvjVvDHO0mlZExLX');
INSERT INTO track_dist (track_id, platform, url) VALUES (35, 'bandcamp', '//spartalien.bandcamp.com/track/suspirare');
INSERT INTO track_dist (track_id, platform, url) VALUES (35, 'spotify', '//open.spotify.com/track/5Me2Jo1xpFEmLx5gA5Kwml');
INSERT INTO track_dist (track_id, platform, url) VALUES (36, 'bandcamp', '//spartalien.bandcamp.com/track/paenitentia');
INSERT INTO track_dist (track_id, platform, url) VALUES (36, 'spotify', '//open.spotify.com/track/2H0z46LWga8LW4d6HJ7HxH');
INSERT INTO track_dist (track_id, platform, url) VALUES (37, 'bandcamp', '//spartalien.bandcamp.com/track/r6y7x2-interlude-2');
INSERT INTO track_dist (track_id, platform, url) VALUES (37, 'spotify', '//open.spotify.com/track/4HYM7jrVXjWIY5ux8wRfGL');
INSERT INTO track_dist (track_id, platform, url) VALUES (38, 'bandcamp', '//spartalien.bandcamp.com/track/crudelitas');
INSERT INTO track_dist (track_id, platform, url) VALUES (38, 'spotify', '//open.spotify.com/track/5e56f27qt5cqWOHfj03LuO');
INSERT INTO track_dist (track_id, platform, url) VALUES (39, 'bandcamp', '//spartalien.bandcamp.com/track/immori');
INSERT INTO track_dist (track_id, platform, url) VALUES (39, 'spotify', '//open.spotify.com/track/71JZci7sonAsLM3U9tSO9X');
INSERT INTO track_dist (track_id, platform, url) VALUES (40, 'bandcamp', '//spartalien.bandcamp.com/track/i1i1m7x2-interlude-3');
INSERT INTO track_dist (track_id, platform, url) VALUES (40, 'spotify', '//open.spotify.com/track/56EdU5b7n3IFcNlTeUBTjM');
INSERT INTO track_dist (track_id, platform, url) VALUES (41, 'bandcamp', '//spartalien.bandcamp.com/track/requirere');
INSERT INTO track_dist (track_id, platform, url) VALUES (41, 'spotify', '//open.spotify.com/track/5AcPBy6Hx8507G23HKSmcn');
INSERT INTO track_dist (track_id, platform, url) VALUES (42, 'bandcamp', '//spartalien.bandcamp.com/track/desiderium');
INSERT INTO track_dist (track_id, platform, url) VALUES (42, 'spotify', '//open.spotify.com/track/6jbJXFZG2IPUno1zc9Dhgf');
INSERT INTO track_dist (track_id, platform, url) VALUES (43, 'bandcamp', '//spartalien.bandcamp.com/track/end-of-transmission-outro');
INSERT INTO track_dist (track_id, platform, url) VALUES (43, 'spotify', '//open.spotify.com/track/5jRXMOBKF07MOMuKKDpMBM');
INSERT INTO track_dist (track_id, platform, url) VALUES (44, 'bandcamp', '//spartalien.bandcamp.com/track/frozen-memories');
INSERT INTO track_dist (track_id, platform, url) VALUES (44, 'spotify', '//open.spotify.com/track/6rSSRx7JdtdWdbNn7gS5Pl');
INSERT INTO track_dist (track_id, platform, url) VALUES (45, 'bandcamp', '//spartalien.bandcamp.com/track/brain-i-o-1');
INSERT INTO track_dist (track_id, platform, url) VALUES (45, 'spotify', '//open.spotify.com/track/0NG4XuRNMTQ7UkLesDsaUV');
INSERT INTO track_dist (track_id, platform, url) VALUES (46, 'bandcamp', '//spartalien.bandcamp.com/track/brain-i-o-2');
INSERT INTO track_dist (track_id, platform, url) VALUES (46, 'spotify', '//open.spotify.com/track/4E6WBSHEEUXDuJhUnqQkS3');
INSERT INTO track_dist (track_id, platform, url) VALUES (47, 'bandcamp', '//spartalien.bandcamp.com/track/brain-i-o-3');
INSERT INTO track_dist (track_id, platform, url) VALUES (47, 'spotify', '//open.spotify.com/track/0H5lZhAHbe70OQbsx9CyBx');
INSERT INTO track_dist (track_id, platform, url) VALUES (48, 'bandcamp', '//spartalien.bandcamp.com/track/they-shot-my-friend');
INSERT INTO track_dist (track_id, platform, url) VALUES (48, 'spotify', '//open.spotify.com/track/6gcULl01jPOsWwn2EwVWHM');
INSERT INTO track_dist (track_id, platform, url) VALUES (49, 'bandcamp', '//spartalien.bandcamp.com/track/the-sad-lightness-of-being');
INSERT INTO track_dist (track_id, platform, url) VALUES (49, 'spotify', '//open.spotify.com/track/2onyU5yxSx9FhxtBgGoykG');
INSERT INTO track_dist (track_id, platform, url) VALUES (50, 'bandcamp', '//spartalien.bandcamp.com/track/brain-i-o-4');
INSERT INTO track_dist (track_id, platform, url) VALUES (50, 'spotify', '//open.spotify.com/track/3TDZhTSYUa16ipnQoAN7Kg');
INSERT INTO track_dist (track_id, platform, url) VALUES (51, 'bandcamp', '//spartalien.bandcamp.com/track/brain-i-o-5');
INSERT INTO track_dist (track_id, platform, url) VALUES (51, 'spotify', '//open.spotify.com/track/5UixO8u1YwEc38l4zOsb9x');
INSERT INTO track_dist (track_id, platform, url) VALUES (52, 'bandcamp', '//spartalien.bandcamp.com/track/brain-i-o-6');
INSERT INTO track_dist (track_id, platform, url) VALUES (52, 'spotify', '//open.spotify.com/track/14bAmUNLjA4ihHlJOYON4H');
INSERT INTO track_dist (track_id, platform, url) VALUES (53, 'bandcamp', '//spartalien.bandcamp.com/track/brain-i-o-7');
INSERT INTO track_dist (track_id, platform, url) VALUES (53, 'spotify', '//open.spotify.com/track/4URjLXIQo1Ta7NMfPrPFbK');
INSERT INTO track_dist (track_id, platform, url) VALUES (54, 'bandcamp', '//spartalien.bandcamp.com/track/roadblock');
INSERT INTO track_dist (track_id, platform, url) VALUES (54, 'spotify', '//open.spotify.com/track/4ZBBu2MPQrIu7n8wojWJQ0');
INSERT INTO track_dist (track_id, platform, url) VALUES (55, 'bandcamp', '//spartalien.bandcamp.com/track/escape');
INSERT INTO track_dist (track_id, platform, url) VALUES (55, 'spotify', '//open.spotify.com/track/6xjdzkhkdNWc6nyoclqvpD');
INSERT INTO track_dist (track_id, platform, url) VALUES (56, 'bandcamp', '//spartalien.bandcamp.com/track/freedom');
INSERT INTO track_dist (track_id, platform, url) VALUES (56, 'spotify', '//open.spotify.com/track/3VlUqe89TX0TAtdU7v7bom');
INSERT INTO track_dist (track_id, platform, url) VALUES (57, 'bandcamp', '//spartalien.bandcamp.com/track/vigilant');
INSERT INTO track_dist (track_id, platform, url) VALUES (57, 'spotify', '//open.spotify.com/track/7LzkBQNlfQSab53sSYCF1Z');
INSERT INTO track_dist (track_id, platform, url) VALUES (58, 'bandcamp', '//spartalien.bandcamp.com/track/rainbows-unicorns');
INSERT INTO track_dist (track_id, platform, url) VALUES (58, 'spotify', '//open.spotify.com/track/3flUCe6A3SQWJ86hMP0xpU');
INSERT INTO track_dist (track_id, platform, url) VALUES (59, 'bandcamp', '//spartalien.bandcamp.com/track/brain-i-o-8');
INSERT INTO track_dist (track_id, platform, url) VALUES (59, 'spotify', '//open.spotify.com/track/2TwtGPgQrtmwcdr9TT23dI');
INSERT INTO track_dist (track_id, platform, url) VALUES (60, 'bandcamp', '//spartalien.bandcamp.com/track/let-it-all-go-volume-1');
INSERT INTO track_dist (track_id, platform, url) VALUES (60, 'spotify', '//open.spotify.com/track/6ay8IxkPDwobHqZibilMsZ');
INSERT INTO track_dist (track_id, platform, url) VALUES (61, 'bandcamp', '//spartalien.bandcamp.com/track/let-it-all-go-volume-1-waveless-mix');
INSERT INTO track_dist (track_id, platform, url) VALUES (61, 'spotify', '//open.spotify.com/track/2Z7QRSClW2clm7p4zKY2H2');
INSERT INTO track_dist (track_id, platform, url) VALUES (62, 'bandcamp', '//spartalien.bandcamp.com/track/brain-i-o-9');
INSERT INTO track_dist (track_id, platform, url) VALUES (62, 'spotify', '//open.spotify.com/track/3qeZZXB3eqaR3V4RZrnxDl');
INSERT INTO track_dist (track_id, platform, url) VALUES (63, 'bandcamp', '//spartalien.bandcamp.com/track/unfamiliar-intro');
INSERT INTO track_dist (track_id, platform, url) VALUES (63, 'spotify', '//open.spotify.com/track/06NdC0dLnayARLh7N36w2d');
INSERT INTO track_dist (track_id, platform, url) VALUES (64, 'bandcamp', '//spartalien.bandcamp.com/track/nightlife');
INSERT INTO track_dist (track_id, platform, url) VALUES (64, 'spotify', '//open.spotify.com/track/2kgMrH28YQmhQZSpjItQ5W');
INSERT INTO track_dist (track_id, platform, url) VALUES (65, 'bandcamp', '//spartalien.bandcamp.com/track/together');
INSERT INTO track_dist (track_id, platform, url) VALUES (65, 'spotify', '//open.spotify.com/track/2C1WkGqkxlLJPDzWkRYNug');
INSERT INTO track_dist (track_id, platform, url) VALUES (66, 'bandcamp', '//spartalien.bandcamp.com/track/transitting-wormhole-s9a5-1-interlude-1');
INSERT INTO track_dist (track_id, platform, url) VALUES (66, 'spotify', '//open.spotify.com/track/0RfqnG7iQhUwpRCAPAI1ON');
INSERT INTO track_dist (track_id, platform, url) VALUES (67, 'bandcamp', '//spartalien.bandcamp.com/track/ghosts');
INSERT INTO track_dist (track_id, platform, url) VALUES (67, 'spotify', '//open.spotify.com/track/0QTJUDIID4fsVRrpdLf8yE');
INSERT INTO track_dist (track_id, platform, url) VALUES (68, 'bandcamp', '//spartalien.bandcamp.com/track/help');
INSERT INTO track_dist (track_id, platform, url) VALUES (68, 'spotify', '//open.spotify.com/track/6S2F1sRVauzlRRcLEhmcPC');
INSERT INTO track_dist (track_id, platform, url) VALUES (69, 'bandcamp', '//spartalien.bandcamp.com/track/transitting-wormhole-s9a5-2-interlude-2');
INSERT INTO track_dist (track_id, platform, url) VALUES (69, 'spotify', '//open.spotify.com/track/0h7Tb3oJOKZJUX4x0VFmx2');
INSERT INTO track_dist (track_id, platform, url) VALUES (70, 'bandcamp', '//spartalien.bandcamp.com/track/utopia');
INSERT INTO track_dist (track_id, platform, url) VALUES (70, 'spotify', '//open.spotify.com/track/2jWFJJOh3D3qZZaMoEvExR');
INSERT INTO track_dist (track_id, platform, url) VALUES (71, 'bandcamp', '//spartalien.bandcamp.com/track/crossroads');
INSERT INTO track_dist (track_id, platform, url) VALUES (71, 'spotify', '//open.spotify.com/track/5DslAltl6KENxMz8gvOP8p');
INSERT INTO track_dist (track_id, platform, url) VALUES (72, 'bandcamp', '//spartalien.bandcamp.com/track/transitting-wormhole-s9a5-3-interlude-3');
INSERT INTO track_dist (track_id, platform, url) VALUES (72, 'spotify', '//open.spotify.com/track/7nEa9d41U0LxpULdrDfQ9T');
INSERT INTO track_dist (track_id, platform, url) VALUES (73, 'bandcamp', '//spartalien.bandcamp.com/track/ragazzi');
INSERT INTO track_dist (track_id, platform, url) VALUES (73, 'spotify', '//open.spotify.com/track/11imSz1EM6mvzIP13aO9el');
INSERT INTO track_dist (track_id, platform, url) VALUES (74, 'bandcamp', '//spartalien.bandcamp.com/track/realm');
INSERT INTO track_dist (track_id, platform, url) VALUES (74, 'spotify', '//open.spotify.com/track/1E8If3NDEpNR896z31FYCT');
INSERT INTO track_dist (track_id, platform, url) VALUES (75, 'bandcamp', '//spartalien.bandcamp.com/track/singularity-outro');
INSERT INTO track_dist (track_id, platform, url) VALUES (75, 'spotify', '//open.spotify.com/track/3b0KxM2B3yK3JI7sTl8t5k');
INSERT INTO track_dist (track_id, platform, url) VALUES (76, 'bandcamp', '//spartalien.bandcamp.com/track/brain-i-o-10');
INSERT INTO track_dist (track_id, platform, url) VALUES (76, 'spotify', '//open.spotify.com/track/5WNdr0xgKuF5LAA5WZwGNY');
INSERT INTO track_dist (track_id, platform, url) VALUES (77, 'bandcamp', '//spartalien.bandcamp.com/track/let-it-all-go-volume-2');
INSERT INTO track_dist (track_id, platform, url) VALUES (77, 'spotify', '//open.spotify.com/track/4BSvFRMbcmlZFg26mND7cc');
INSERT INTO track_dist (track_id, platform, url) VALUES (78, 'bandcamp', '//spartalien.bandcamp.com/track/let-it-all-go-volume-2-binaural-headphone-mix');
INSERT INTO track_dist (track_id, platform, url) VALUES (78, 'spotify', '//open.spotify.com/track/5UEiOT5JwbKSA2UIzXHTQc');
INSERT INTO track_dist (track_id, platform, url) VALUES (79, 'bandcamp', '//spartalien.bandcamp.com/track/let-it-all-go-volume-2-weatherless-mix');
INSERT INTO track_dist (track_id, platform, url) VALUES (79, 'spotify', '//open.spotify.com/track/25CSmsKHfHbxwwNvtEC8vy');
INSERT INTO track_dist (track_id, platform, url) VALUES (80, 'bandcamp', '//spartalien.bandcamp.com/track/let-it-all-go-volume-2-weatherless-droneless-mix');
INSERT INTO track_dist (track_id, platform, url) VALUES (80, 'spotify', '//open.spotify.com/track/7g08H1n0EWxmtB43h0bjdu');
INSERT INTO track_dist (track_id, platform, url) VALUES (81, 'bandcamp', '//spartalien.bandcamp.com/track/wooden-bench');
INSERT INTO track_dist (track_id, platform, url) VALUES (81, 'spotify', '//open.spotify.com/track/6DhvXSEHtkFzaLaaPSO3Oa');
INSERT INTO track_dist (track_id, platform, url) VALUES (82, 'bandcamp', '//spartalien.bandcamp.com/track/reconquer');
INSERT INTO track_dist (track_id, platform, url) VALUES (82, 'spotify', '//open.spotify.com/track/13L80sdXImnLjNTIzuwQtx');
INSERT INTO track_dist (track_id, platform, url) VALUES (83, 'bandcamp', '//spartalien.bandcamp.com/track/answering-machine');
INSERT INTO track_dist (track_id, platform, url) VALUES (83, 'spotify', '//open.spotify.com/track/7IThxfB81NKWFYi3LDfGjg');
INSERT INTO track_dist (track_id, platform, url) VALUES (84, 'bandcamp', '//spartalien.bandcamp.com/track/sandy-ice-cream');
INSERT INTO track_dist (track_id, platform, url) VALUES (84, 'spotify', '//open.spotify.com/track/5KoRzFBozMzmNZlMTEZYqb');
INSERT INTO track_dist (track_id, platform, url) VALUES (85, 'bandcamp', '//spartalien.bandcamp.com/track/detuned-present');
INSERT INTO track_dist (track_id, platform, url) VALUES (85, 'spotify', '//open.spotify.com/track/687eT7aPAp61rAbRAh0U8z');
INSERT INTO track_dist (track_id, platform, url) VALUES (86, 'bandcamp', '//spartalien.bandcamp.com/track/after-all');
INSERT INTO track_dist (track_id, platform, url) VALUES (86, 'spotify', '//open.spotify.com/track/7sn46QinnWB7YOD2DKbSfn');
INSERT INTO track_dist (track_id, platform, url) VALUES (87, 'bandcamp', '//spartalien.bandcamp.com/track/push');
INSERT INTO track_dist (track_id, platform, url) VALUES (87, 'spotify', '//open.spotify.com/track/21Ko68BYn2s21GxVtiNKrF');
INSERT INTO track_dist (track_id, platform, url) VALUES (88, 'bandcamp', '//spartalien.bandcamp.com/track/rusty-playground');
INSERT INTO track_dist (track_id, platform, url) VALUES (88, 'spotify', '//open.spotify.com/track/0ftEwQnHTdNwCz2muSMQMb');
INSERT INTO track_dist (track_id, platform, url) VALUES (89, 'bandcamp', '//spartalien.bandcamp.com/track/pull');
INSERT INTO track_dist (track_id, platform, url) VALUES (89, 'spotify', '//open.spotify.com/track/0DGO8z59f3hKa4ajszpfdg');
INSERT INTO track_dist (track_id, platform, url) VALUES (90, 'bandcamp', '//spartalien.bandcamp.com/track/you-are-not-them');
INSERT INTO track_dist (track_id, platform, url) VALUES (90, 'spotify', '//open.spotify.com/track/5OhmXlLolp4wTUy7H4ZFxF');
INSERT INTO track_dist (track_id, platform, url) VALUES (91, 'bandcamp', '//spartalien.bandcamp.com/track/a-night-with-my-imaginary-friend');
INSERT INTO track_dist (track_id, platform, url) VALUES (92, 'bandcamp', '//spartalien.bandcamp.com/track/uncertain');
INSERT INTO track_dist (track_id, platform, url) VALUES (92, 'spotify', '//open.spotify.com/track/4A9uz51yEBcHImxUXnhABw');
INSERT INTO track_dist (track_id, platform, url) VALUES (93, 'bandcamp', '//spartalien.bandcamp.com/track/anomaly');
INSERT INTO track_dist (track_id, platform, url) VALUES (93, 'spotify', '//open.spotify.com/track/01W2H0tACbOKrTbB5ryfvO');
INSERT INTO track_dist (track_id, platform, url) VALUES (94, 'bandcamp', '//spartalien.bandcamp.com/track/secret');
INSERT INTO track_dist (track_id, platform, url) VALUES (94, 'spotify', '//open.spotify.com/track/6tGh0r6YeWdCZIjOI7ZmDI');
INSERT INTO track_dist (track_id, platform, url) VALUES (95, 'bandcamp', '//spartalien.bandcamp.com/track/polychrome');
INSERT INTO track_dist (track_id, platform, url) VALUES (95, 'spotify', '//open.spotify.com/track/7zc6wLW9FW3gM3LZ9g53Dw');
INSERT INTO track_dist (track_id, platform, url) VALUES (96, 'bandcamp', '//spartalien.bandcamp.com/track/irresistible');
INSERT INTO track_dist (track_id, platform, url) VALUES (96, 'spotify', '//open.spotify.com/track/4NHBowOzv6rqDgtzsOPpsf');
INSERT INTO track_dist (track_id, platform, url) VALUES (97, 'bandcamp', '//spartalien.bandcamp.com/track/flux-feat-stevie-lee-price');
INSERT INTO track_dist (track_id, platform, url) VALUES (97, 'spotify', '//open.spotify.com/track/4ODKqMpXVASOtIxZNDGVfR');
INSERT INTO track_dist (track_id, platform, url) VALUES (98, 'bandcamp', '//spartalien.bandcamp.com/track/flux-instrumental-mix');
INSERT INTO track_dist (track_id, platform, url) VALUES (98, 'spotify', '//open.spotify.com/track/2mMUm5AJo5DBCJgDKjRfhe');
INSERT INTO track_dist (track_id, platform, url) VALUES (99, 'bandcamp', '//spartalien.bandcamp.com/track/flux-ambient-mix');
INSERT INTO track_dist (track_id, platform, url) VALUES (99, 'spotify', '//open.spotify.com/track/17xUr5skLolIMBKsY0HUPe');
INSERT INTO track_dist (track_id, platform, url) VALUES (100, 'bandcamp', '//spartalien.bandcamp.com/track/haphe-spartaliens-wicca-remix');
INSERT INTO track_dist (track_id, platform, url) VALUES (101, 'bandcamp', '//spartalien.bandcamp.com/track/chapter-1-once');
INSERT INTO track_dist (track_id, platform, url) VALUES (101, 'spotify', '//open.spotify.com/track/0AIWe5VI1jRW9689HIUiFw');
INSERT INTO track_dist (track_id, platform, url) VALUES (102, 'bandcamp', '//spartalien.bandcamp.com/track/chapter-1-maybe');
INSERT INTO track_dist (track_id, platform, url) VALUES (102, 'spotify', '//open.spotify.com/track/1l4ixFxHyH28iqHiHhc7Hh');
INSERT INTO track_dist (track_id, platform, url) VALUES (103, 'bandcamp', '//spartalien.bandcamp.com/track/chapter-1-mountain');
INSERT INTO track_dist (track_id, platform, url) VALUES (103, 'spotify', '//open.spotify.com/track/6IdfaVVlpsudR6Um2wsuYx');
INSERT INTO track_dist (track_id, platform, url) VALUES (104, 'bandcamp', '//spartalien.bandcamp.com/track/chapter-1-ice');
INSERT INTO track_dist (track_id, platform, url) VALUES (104, 'spotify', '//open.spotify.com/track/2SURwFUAdWln1HDEFDtOdW');
INSERT INTO track_dist (track_id, platform, url) VALUES (105, 'bandcamp', '//spartalien.bandcamp.com/track/chapter-1-why');
INSERT INTO track_dist (track_id, platform, url) VALUES (105, 'spotify', '//open.spotify.com/track/5oUwPxVIPwKQ1RbkEtiOGG');
INSERT INTO track_dist (track_id, platform, url) VALUES (106, 'bandcamp', '//spartalien.bandcamp.com/track/chapter-1-real');
INSERT INTO track_dist (track_id, platform, url) VALUES (106, 'spotify', '//open.spotify.com/track/3o5zo6IZFCqG7mPGQazNQW');
INSERT INTO track_dist (track_id, platform, url) VALUES (107, 'bandcamp', '//spartalien.bandcamp.com/track/chapter-1-same');
INSERT INTO track_dist (track_id, platform, url) VALUES (107, 'spotify', '//open.spotify.com/track/5Gp2vhoG89FXf2epYt9US2');
INSERT INTO track_dist (track_id, platform, url) VALUES (108, 'bandcamp', '//spartalien.bandcamp.com/track/chapter-1-tower');
INSERT INTO track_dist (track_id, platform, url) VALUES (108, 'spotify', '//open.spotify.com/track/4odjnZN1hRgmzCeHzmbtoz');
INSERT INTO track_dist (track_id, platform, url) VALUES (109, 'bandcamp', '//spartalien.bandcamp.com/track/chapter-1-not');
INSERT INTO track_dist (track_id, platform, url) VALUES (109, 'spotify', '//open.spotify.com/track/7JiUn9S4eZFavW8SADuLmm');
INSERT INTO track_dist (track_id, platform, url) VALUES (110, 'bandcamp', '//spartalien.bandcamp.com/track/chapter-1-if');
INSERT INTO track_dist (track_id, platform, url) VALUES (110, 'spotify', '//open.spotify.com/track/2qvQHB4HXj1QPlO07DhI25');
INSERT INTO track_dist (track_id, platform, url) VALUES (111, 'bandcamp', '//spartalien.bandcamp.com/track/chapter-1-tales');
INSERT INTO track_dist (track_id, platform, url) VALUES (111, 'spotify', '//open.spotify.com/track/1tH6Gx59JCmwr4hlS9JSdT');
INSERT INTO track_dist (track_id, platform, url) VALUES (112, 'bandcamp', '//spartalien.bandcamp.com/track/chapter-1-unconditional');
INSERT INTO track_dist (track_id, platform, url) VALUES (112, 'spotify', '//open.spotify.com/track/1ATIlA1xcTU1GHzLknOZxX');
INSERT INTO track_dist (track_id, platform, url) VALUES (113, 'bandcamp', '//spartalien.bandcamp.com/track/chapter-1-arrival');
INSERT INTO track_dist (track_id, platform, url) VALUES (113, 'spotify', '//open.spotify.com/track/5j9ba2nHiqXuny74KBsdpu');
INSERT INTO track_dist (track_id, platform, url) VALUES (114, 'bandcamp', '//spartalien.bandcamp.com/track/chapter-1-with');
INSERT INTO track_dist (track_id, platform, url) VALUES (114, 'spotify', '//open.spotify.com/track/0QruXMi58YT7uXtmGPD6tE');
INSERT INTO track_dist (track_id, platform, url) VALUES (115, 'bandcamp', '//spartalien.bandcamp.com/track/chapter-1-stumble');
INSERT INTO track_dist (track_id, platform, url) VALUES (115, 'spotify', '//open.spotify.com/track/0pMxR3Pa977QcUvoT3cRHy');
INSERT INTO track_dist (track_id, platform, url) VALUES (116, 'bandcamp', '//spartalien.bandcamp.com/track/chapter-1-torpedo');
INSERT INTO track_dist (track_id, platform, url) VALUES (116, 'spotify', '//open.spotify.com/track/3HIaJ4YpLHALYklCc7lBgk');
INSERT INTO track_dist (track_id, platform, url) VALUES (117, 'bandcamp', '//spartalien.bandcamp.com/track/chapter-1-sometime');
INSERT INTO track_dist (track_id, platform, url) VALUES (117, 'spotify', '//open.spotify.com/track/3FN1Fx2SWXADTBTmp4Gd2I');
INSERT INTO track_dist (track_id, platform, url) VALUES (118, 'bandcamp', '//spartalien.bandcamp.com/track/chapter-1-castle');
INSERT INTO track_dist (track_id, platform, url) VALUES (118, 'spotify', '//open.spotify.com/track/5fwxA270bKqWYNyPUo2MHs');
INSERT INTO track_dist (track_id, platform, url) VALUES (119, 'bandcamp', '//spartalien.bandcamp.com/track/chapter-2-prayer');
INSERT INTO track_dist (track_id, platform, url) VALUES (119, 'spotify', '//open.spotify.com/track/3xSSgSqbuoFpTO7mY4YAWC');
INSERT INTO track_dist (track_id, platform, url) VALUES (120, 'bandcamp', '//spartalien.bandcamp.com/track/chapter-2-wait');
INSERT INTO track_dist (track_id, platform, url) VALUES (120, 'spotify', '//open.spotify.com/track/0meu38RtpPP9HJaYBuVRkI');
INSERT INTO track_dist (track_id, platform, url) VALUES (121, 'bandcamp', '//spartalien.bandcamp.com/track/chapter-2-cargo');
INSERT INTO track_dist (track_id, platform, url) VALUES (121, 'spotify', '//open.spotify.com/track/7AHrW4EPnFBCfdW9RZfXJL');
INSERT INTO track_dist (track_id, platform, url) VALUES (122, 'bandcamp', '//spartalien.bandcamp.com/track/chapter-2-volcano');
INSERT INTO track_dist (track_id, platform, url) VALUES (122, 'spotify', '//open.spotify.com/track/2eCJnLwAkTDEDQ5PZsnnm9');
INSERT INTO track_dist (track_id, platform, url) VALUES (123, 'bandcamp', '//spartalien.bandcamp.com/track/chapter-2-cave');
INSERT INTO track_dist (track_id, platform, url) VALUES (123, 'spotify', '//open.spotify.com/track/3hzQJiyubKn2v9WJUeNKbO');
INSERT INTO track_dist (track_id, platform, url) VALUES (124, 'bandcamp', '//spartalien.bandcamp.com/track/chapter-2-resolution');
INSERT INTO track_dist (track_id, platform, url) VALUES (124, 'spotify', '//open.spotify.com/track/0Zt5BQrs4WDtZEtbCuh0vE');
INSERT INTO track_dist (track_id, platform, url) VALUES (125, 'bandcamp', '//spartalien.bandcamp.com/track/chapter-2-reunion');
INSERT INTO track_dist (track_id, platform, url) VALUES (125, 'spotify', '//open.spotify.com/track/3y9fDvhSvvDY3ASJKlciEz');
INSERT INTO track_dist (track_id, platform, url) VALUES (126, 'bandcamp', '//spartalien.bandcamp.com/track/chapter-2-decay');
INSERT INTO track_dist (track_id, platform, url) VALUES (126, 'spotify', '//open.spotify.com/track/2f6iyOCn6LVPGrAuowbb4k');
INSERT INTO track_dist (track_id, platform, url) VALUES (127, 'bandcamp', '//spartalien.bandcamp.com/track/chapter-2-breach');
INSERT INTO track_dist (track_id, platform, url) VALUES (127, 'spotify', '//open.spotify.com/track/1aHpal4HkhgwOwvZP9UQTT');
INSERT INTO track_dist (track_id, platform, url) VALUES (128, 'bandcamp', '//spartalien.bandcamp.com/track/chapter-2-unlocked');
INSERT INTO track_dist (track_id, platform, url) VALUES (128, 'spotify', '//open.spotify.com/track/5Xe7LCAqPt10e6w2DJvUpi');
INSERT INTO track_dist (track_id, platform, url) VALUES (129, 'bandcamp', '//spartalien.bandcamp.com/track/chapter-2-thrive');
INSERT INTO track_dist (track_id, platform, url) VALUES (129, 'spotify', '//open.spotify.com/track/4uqnJNdUKWOTZQ3bRstAcg');
INSERT INTO track_dist (track_id, platform, url) VALUES (130, 'bandcamp', '//spartalien.bandcamp.com/track/chapter-3-three');
INSERT INTO track_dist (track_id, platform, url) VALUES (130, 'spotify', '//open.spotify.com/track/1BtMtpGXcdbmdWEyVIkZit');
INSERT INTO track_dist (track_id, platform, url) VALUES (131, 'bandcamp', '//spartalien.bandcamp.com/track/chapter-3-valley');
INSERT INTO track_dist (track_id, platform, url) VALUES (131, 'spotify', '//open.spotify.com/track/64aXTILxznqvVjZK4PRgZp');
INSERT INTO track_dist (track_id, platform, url) VALUES (132, 'bandcamp', '//spartalien.bandcamp.com/track/chapter-3-rope');
INSERT INTO track_dist (track_id, platform, url) VALUES (132, 'spotify', '//open.spotify.com/track/6qPKwVMqpFGCCYg1FKT8iX');
INSERT INTO track_dist (track_id, platform, url) VALUES (133, 'bandcamp', '//spartalien.bandcamp.com/track/chapter-3-carusel');
INSERT INTO track_dist (track_id, platform, url) VALUES (133, 'spotify', '//open.spotify.com/track/6ovkYgTM6pFMyQcpuLCTc5');
INSERT INTO track_dist (track_id, platform, url) VALUES (134, 'bandcamp', '//spartalien.bandcamp.com/track/chapter-3-angel');
INSERT INTO track_dist (track_id, platform, url) VALUES (134, 'spotify', '//open.spotify.com/track/5NfxwhIgYBrea7TH88KCfK');
INSERT INTO track_dist (track_id, platform, url) VALUES (135, 'bandcamp', '//spartalien.bandcamp.com/track/chapter-3-miss');
INSERT INTO track_dist (track_id, platform, url) VALUES (135, 'spotify', '//open.spotify.com/track/5WweS23l0bftflz3lMnJiD');
INSERT INTO track_dist (track_id, platform, url) VALUES (136, 'bandcamp', '//spartalien.bandcamp.com/track/chapter-3-here');
INSERT INTO track_dist (track_id, platform, url) VALUES (136, 'spotify', '//open.spotify.com/track/7ovO4gYw0o0JNStyCCWX79');
INSERT INTO track_dist (track_id, platform, url) VALUES (137, 'bandcamp', '//spartalien.bandcamp.com/track/chapter-3-envelope');
INSERT INTO track_dist (track_id, platform, url) VALUES (137, 'spotify', '//open.spotify.com/track/5qJ6WjHqE3nDLGS3WoD3B4');
INSERT INTO track_dist (track_id, platform, url) VALUES (138, 'bandcamp', '//spartalien.bandcamp.com/track/chapter-3-alps');
INSERT INTO track_dist (track_id, platform, url) VALUES (138, 'spotify', '//open.spotify.com/track/4pUqWuZbo608l3SWk4y22g');
INSERT INTO track_dist (track_id, platform, url) VALUES (139, 'bandcamp', '//spartalien.bandcamp.com/track/doomers-delight-chapter-1');
INSERT INTO track_dist (track_id, platform, url) VALUES (139, 'spotify', '//open.spotify.com/track/3UVuargrscLQKAv7QCETnW');
INSERT INTO track_dist (track_id, platform, url) VALUES (140, 'bandcamp', '//spartalien.bandcamp.com/track/doomers-delight-chapter-2');
INSERT INTO track_dist (track_id, platform, url) VALUES (140, 'spotify', '//open.spotify.com/track/7reeFcYzOTzxSE8ruZ7KMS');
INSERT INTO track_dist (track_id, platform, url) VALUES (141, 'bandcamp', '//spartalien.bandcamp.com/track/doomers-delight-chapter-3');
INSERT INTO track_dist (track_id, platform, url) VALUES (141, 'spotify', '//open.spotify.com/track/1JktcLRqQL5kWDHG39Cxfa');
INSERT INTO track_dist (track_id, platform, url) VALUES (142, 'bandcamp', '//spartalien.bandcamp.com/track/four-four-three');
INSERT INTO track_dist (track_id, platform, url) VALUES (142, 'spotify', '//open.spotify.com/track/39qiokZA1gAUKfAs41UpWd');
INSERT INTO track_dist (track_id, platform, url) VALUES (143, 'bandcamp', '//spartalien.bandcamp.com/track/city-lights');
INSERT INTO track_dist (track_id, platform, url) VALUES (143, 'spotify', '//open.spotify.com/track/21ibSwxJvgc59ZTc4nPITu');
INSERT INTO track_dist (track_id, platform, url) VALUES (144, 'bandcamp', '//spartalien.bandcamp.com/track/final-adventure');
INSERT INTO track_dist (track_id, platform, url) VALUES (144, 'spotify', '//open.spotify.com/track/295ySgcaeRrUupsxC2ehdl');
INSERT INTO track_dist (track_id, platform, url) VALUES (145, 'bandcamp', '//spartalien.bandcamp.com/track/el-loco');
INSERT INTO track_dist (track_id, platform, url) VALUES (145, 'spotify', '//open.spotify.com/track/5FhPYqpIR4nvf6FB2uZMQG');
INSERT INTO track_dist (track_id, platform, url) VALUES (146, 'bandcamp', '//spartalien.bandcamp.com/track/tracked');
INSERT INTO track_dist (track_id, platform, url) VALUES (146, 'spotify', '//open.spotify.com/track/3LinfNouFExDPK4Y7IeBDt');
INSERT INTO track_dist (track_id, platform, url) VALUES (147, 'bandcamp', '//spartalien.bandcamp.com/track/smoking-sea');
INSERT INTO track_dist (track_id, platform, url) VALUES (147, 'spotify', '//open.spotify.com/track/0zUT4DnBAV7MvYe52Dtjzn');
INSERT INTO track_dist (track_id, platform, url) VALUES (148, 'bandcamp', '//spartalien.bandcamp.com/track/four-four-three-we-ded-version');
INSERT INTO track_dist (track_id, platform, url) VALUES (148, 'spotify', '//open.spotify.com/track/1kNC0ai1R7VUHSfq5lWK52');
INSERT INTO track_dist (track_id, platform, url) VALUES (149, 'bandcamp', '//spartalien.bandcamp.com/track/final-adventure-not-a-tale-version');
INSERT INTO track_dist (track_id, platform, url) VALUES (149, 'spotify', '//open.spotify.com/track/0M8W2PyMIQxHtqTaZ4hnvV');
INSERT INTO track_dist (track_id, platform, url) VALUES (150, 'bandcamp', '//spartalien.bandcamp.com/track/smoking-sea-feat-orochi-hanma');
INSERT INTO track_dist (track_id, platform, url) VALUES (150, 'spotify', '//open.spotify.com/track/1R8hHZc8kwnk2waV0k6WBm');
INSERT INTO track_dist (track_id, platform, url) VALUES (151, 'bandcamp', '//spartalien.bandcamp.com/track/compost-heap-triangle');
INSERT INTO track_dist (track_id, platform, url) VALUES (151, 'spotify', '//open.spotify.com/track/0eUAzePwWBTKNSGwzQqTGE');
INSERT INTO track_dist (track_id, platform, url) VALUES (152, 'bandcamp', '//spartalien.bandcamp.com/track/to-return-home');
INSERT INTO track_dist (track_id, platform, url) VALUES (152, 'spotify', '//open.spotify.com/track/1HnqNBKaXVs6qpdhAcOLoR');
INSERT INTO track_dist (track_id, platform, url) VALUES (153, 'bandcamp', '//spartalien.bandcamp.com/track/the-memory');
INSERT INTO track_dist (track_id, platform, url) VALUES (153, 'spotify', '//open.spotify.com/track/0fDT8IfjyjlI3kHY5eE8gi');
INSERT INTO track_dist (track_id, platform, url) VALUES (154, 'bandcamp', '//spartalien.bandcamp.com/track/biting-wind');
INSERT INTO track_dist (track_id, platform, url) VALUES (154, 'spotify', '//open.spotify.com/track/5ooK6ib7W42Ren56P2v6lM');
INSERT INTO track_dist (track_id, platform, url) VALUES (155, 'bandcamp', '//spartalien.bandcamp.com/track/with-darkness-comes-clarity');
INSERT INTO track_dist (track_id, platform, url) VALUES (155, 'spotify', '//open.spotify.com/track/3vHGVj1Mr6K9GTlLdvGnhn');
INSERT INTO track_dist (track_id, platform, url) VALUES (156, 'bandcamp', '//spartalien.bandcamp.com/track/full-moon');
INSERT INTO track_dist (track_id, platform, url) VALUES (156, 'spotify', '//open.spotify.com/track/0nWNpXREKPhSj1ErOPPEKq');
INSERT INTO track_dist (track_id, platform, url) VALUES (157, 'bandcamp', '//spartalien.bandcamp.com/track/his-task');
INSERT INTO track_dist (track_id, platform, url) VALUES (157, 'spotify', '//open.spotify.com/track/14Ebgu4S2HVQQP29uSXbZh');
INSERT INTO track_dist (track_id, platform, url) VALUES (158, 'bandcamp', '//spartalien.bandcamp.com/track/knees-on-the-floor');
INSERT INTO track_dist (track_id, platform, url) VALUES (158, 'spotify', '//open.spotify.com/track/389xxnKRUBfhvp2fMZGLde');
INSERT INTO track_dist (track_id, platform, url) VALUES (159, 'bandcamp', '//spartalien.bandcamp.com/track/never-arriving');
INSERT INTO track_dist (track_id, platform, url) VALUES (159, 'spotify', '//open.spotify.com/track/689FWlODwQKh0doecR8vu8');
INSERT INTO track_dist (track_id, platform, url) VALUES (160, 'bandcamp', '//spartalien.bandcamp.com/track/collective-departure');
INSERT INTO track_dist (track_id, platform, url) VALUES (160, 'spotify', '//open.spotify.com/track/13rYRXh4G96DkkNgPxwaIl');
INSERT INTO track_dist (track_id, platform, url) VALUES (161, 'bandcamp', '//spartalien.bandcamp.com/track/i-have-seen-the-shadow-again');
INSERT INTO track_dist (track_id, platform, url) VALUES (162, 'bandcamp', '//spartalien.bandcamp.com/track/the-dying-spaceship-symphony-part-1');
INSERT INTO track_dist (track_id, platform, url) VALUES (163, 'bandcamp', '//spartalien.bandcamp.com/track/the-dying-spaceship-symphony-part-2');
INSERT INTO track_dist (track_id, platform, url) VALUES (164, 'bandcamp', '//spartalien.bandcamp.com/track/the-dying-spaceship-symphony-part-3');
INSERT INTO track_dist (track_id, platform, url) VALUES (165, 'bandcamp', '//spartalien.bandcamp.com/track/the-dying-spaceship-symphony-part-4');
INSERT INTO track_dist (track_id, platform, url) VALUES (166, 'bandcamp', '//spartalien.bandcamp.com/track/the-dying-spaceship-symphony-part-5');
INSERT INTO track_dist (track_id, platform, url) VALUES (167, 'bandcamp', '//spartalien.bandcamp.com/track/the-dying-spaceship-symphony-part-6');
INSERT INTO track_dist (track_id, platform, url) VALUES (168, 'bandcamp', '//spartalien.bandcamp.com/track/the-dying-spaceship-symphony-part-7');
INSERT INTO track_dist (track_id, platform, url) VALUES (169, 'bandcamp', '//spartalien.bandcamp.com/track/the-dying-spaceship-symphony-part-8');
INSERT INTO track_dist (track_id, platform, url) VALUES (170, 'bandcamp', '//spartalien.bandcamp.com/track/the-dying-spaceship-symphony-part-9');
INSERT INTO track_dist (track_id, platform, url) VALUES (171, 'bandcamp', '//spartalien.bandcamp.com/track/the-dying-spaceship-symphony-part-10');
INSERT INTO track_dist (track_id, platform, url) VALUES (172, 'bandcamp', '//spartalien.bandcamp.com/track/yellow-soul-grinder');
INSERT INTO track_dist (track_id, platform, url) VALUES (172, 'spotify', '//open.spotify.com/track/2n76dGZUojcVJ1nsN72Mro');
INSERT INTO track_dist (track_id, platform, url) VALUES (173, 'bandcamp', '//spartalien.bandcamp.com/track/slow-adventure');
INSERT INTO track_dist (track_id, platform, url) VALUES (173, 'internet archive', '//archive.org/download/arT2-Sound.Ex_1/01-arT2-Slow_Adventure.mp3');
INSERT INTO track_dist (track_id, platform, url) VALUES (174, 'bandcamp', '//spartalien.bandcamp.com/track/the-answer');
INSERT INTO track_dist (track_id, platform, url) VALUES (174, 'internet archive', '//archive.org/download/arT2-Sound.Ex_1/02-arT2-The_Answer.mp3');
INSERT INTO track_dist (track_id, platform, url) VALUES (175, 'bandcamp', '//spartalien.bandcamp.com/track/dirty-triprock');
INSERT INTO track_dist (track_id, platform, url) VALUES (175, 'internet archive', '//archive.org/download/arT2-Sound.Ex_1/03-arT2-Dirty_TripRock.mp3');
INSERT INTO track_dist (track_id, platform, url) VALUES (176, 'bandcamp', '//spartalien.bandcamp.com/track/moskau-dance');
INSERT INTO track_dist (track_id, platform, url) VALUES (176, 'internet archive', '//archive.org/download/arT2-Sound.Ex_1/04-arT2-Moskau_Dance.mp3');
INSERT INTO track_dist (track_id, platform, url) VALUES (177, 'bandcamp', '//spartalien.bandcamp.com/track/killing-someone');
INSERT INTO track_dist (track_id, platform, url) VALUES (177, 'internet archive', '//archive.org/download/arT2-Sound.Ex_1/05-arT2-Killing_Someone.mp3');
INSERT INTO track_dist (track_id, platform, url) VALUES (178, 'bandcamp', '//spartalien.bandcamp.com/track/ambient-source');
INSERT INTO track_dist (track_id, platform, url) VALUES (178, 'internet archive', '//archive.org/download/arT2-Sound.Ex_1/06-arT2-Ambient_Source.mp3');
INSERT INTO track_dist (track_id, platform, url) VALUES (179, 'bandcamp', '//spartalien.bandcamp.com/track/the-trip-construction-kit');
INSERT INTO track_dist (track_id, platform, url) VALUES (179, 'internet archive', '//archive.org/download/arT2-Sound.Ex_1/07-arT2-The_Trip_Construction_Kit.mp3');
INSERT INTO track_dist (track_id, platform, url) VALUES (180, 'bandcamp', '//spartalien.bandcamp.com/track/were-wearing-sunglasses');
INSERT INTO track_dist (track_id, platform, url) VALUES (180, 'internet archive', '//archive.org/download/arT2-Sound.Ex_1/08-arT2-Were_Wearing_Sunglasses.mp3');
INSERT INTO track_dist (track_id, platform, url) VALUES (181, 'bandcamp', '//spartalien.bandcamp.com/track/she-gina-i');
INSERT INTO track_dist (track_id, platform, url) VALUES (181, 'internet archive', '//archive.org/download/arT2-Sound.Ex_1/09-arT2-She_Gina_And_I.mp3');
INSERT INTO track_dist (track_id, platform, url) VALUES (182, 'bandcamp', '//spartalien.bandcamp.com/track/dying-ambient-drone');
INSERT INTO track_dist (track_id, platform, url) VALUES (182, 'internet archive', '//archive.org/download/arT2-Sound.Ex_1/10-arT2-Dying_Ambient_Drone.mp3');
INSERT INTO track_dist (track_id, platform, url) VALUES (183, 'bandcamp', '//spartalien.bandcamp.com/track/late-night-j');
INSERT INTO track_dist (track_id, platform, url) VALUES (183, 'internet archive', '//archive.org/download/arT2-Sound.Ex_1/11-arT2-Late-Night_J.mp3');
INSERT INTO track_dist (track_id, platform, url) VALUES (184, 'bandcamp', '//spartalien.bandcamp.com/track/chicken-vs-overdrive');
INSERT INTO track_dist (track_id, platform, url) VALUES (184, 'internet archive', '//archive.org/download/arT2-Sound.Ex_1/12-arT2_feat_Claire-Chicken_vs_Overdrive.mp3');
INSERT INTO track_dist (track_id, platform, url) VALUES (185, 'bandcamp', '//spartalien.bandcamp.com/track/all-i-know');
INSERT INTO track_dist (track_id, platform, url) VALUES (186, 'bandcamp', '//spartalien.bandcamp.com/track/intrutrolude');


INSERT INTO rls_dist (rls_id, platform, url) VALUES (1, 'bandcamp', '//spartalien.bandcamp.com/track/continuoduction');
INSERT INTO rls_dist (rls_id, platform, url) VALUES (1, 'spotify', '//open.spotify.com/track/2Clx7jPmYSA21DbB0FKxUR');
INSERT INTO rls_dist (rls_id, platform, url) VALUES (2, 'bandcamp', '//spartalien.bandcamp.com/track/ill-embrace-you-again-in-space');
INSERT INTO rls_dist (rls_id, platform, url) VALUES (2, 'spotify', '//open.spotify.com/track/3QmCKvjLtKXS4vQD6822rf');
INSERT INTO rls_dist (rls_id, platform, url) VALUES (3, 'bandcamp', '//spartalien.bandcamp.com/track/realize-its-just-a-ride');
INSERT INTO rls_dist (rls_id, platform, url) VALUES (3, 'spotify', '//open.spotify.com/track/6R28LmtWTwaggp496VUZKN');
INSERT INTO rls_dist (rls_id, platform, url) VALUES (4, 'bandcamp', '//spartalien.bandcamp.com/track/natures-song');
INSERT INTO rls_dist (rls_id, platform, url) VALUES (4, 'spotify', '//open.spotify.com/track/0Fnu4vn6XsiUpI2ECJyr5K');
INSERT INTO rls_dist (rls_id, platform, url) VALUES (5, 'bandcamp', '//spartalien.bandcamp.com/track/following-the-calling');
INSERT INTO rls_dist (rls_id, platform, url) VALUES (5, 'spotify', '//open.spotify.com/track/5DlhcOQXlUESTOhNWL4wQ5');
INSERT INTO rls_dist (rls_id, platform, url) VALUES (6, 'bandcamp', '//spartalien.bandcamp.com/track/digging-in-memories');
INSERT INTO rls_dist (rls_id, platform, url) VALUES (6, 'spotify', '//open.spotify.com/track/5JmknWTUqtJZ2Qhb3MMoCo');
INSERT INTO rls_dist (rls_id, platform, url) VALUES (7, 'bandcamp', '//spartalien.bandcamp.com/track/heat-resistant');
INSERT INTO rls_dist (rls_id, platform, url) VALUES (7, 'spotify', '//open.spotify.com/track/3VikP8t1yyx98cPKTinZDO');
INSERT INTO rls_dist (rls_id, platform, url) VALUES (8, 'bandcamp', '//spartalien.bandcamp.com/track/song-for-wind');
INSERT INTO rls_dist (rls_id, platform, url) VALUES (8, 'spotify', '//open.spotify.com/track/6Y5r9u7mHDudhTx90XTEF3');
INSERT INTO rls_dist (rls_id, platform, url) VALUES (9, 'bandcamp', '//spartalien.bandcamp.com/track/messaggio-per-naelog');
INSERT INTO rls_dist (rls_id, platform, url) VALUES (9, 'spotify', '//open.spotify.com/track/2bwflOuvNhQgtaCA4zI40e');
INSERT INTO rls_dist (rls_id, platform, url) VALUES (10, 'bandcamp', '//spartalien.bandcamp.com/track/martina');
INSERT INTO rls_dist (rls_id, platform, url) VALUES (10, 'spotify', '//open.spotify.com/track/6FSbzkJMMxfi9o2QopDW2W');
INSERT INTO rls_dist (rls_id, platform, url) VALUES (11, 'bandcamp', '//spartalien.bandcamp.com/track/time');
INSERT INTO rls_dist (rls_id, platform, url) VALUES (11, 'spotify', '//open.spotify.com/track/3AGRNrD23jzBOThTUGvygn');
INSERT INTO rls_dist (rls_id, platform, url) VALUES (12, 'bandcamp', '//spartalien.bandcamp.com/track/every-day');
INSERT INTO rls_dist (rls_id, platform, url) VALUES (12, 'spotify', '//open.spotify.com/track/3XStzziKE8h0Hzw6cT5OAd');
INSERT INTO rls_dist (rls_id, platform, url) VALUES (13, 'bandcamp', '//spartalien.bandcamp.com/album/monolog');
INSERT INTO rls_dist (rls_id, platform, url) VALUES (13, 'spotify', '//open.spotify.com/album/2KnU3c5IXpYtHsdJLYS47D');
INSERT INTO rls_dist (rls_id, platform, url) VALUES (14, 'bandcamp', '//spartalien.bandcamp.com/track/searching');
INSERT INTO rls_dist (rls_id, platform, url) VALUES (14, 'spotify', '//open.spotify.com/track/0zFZIbuKaLJ0bm9MecHfk0');
INSERT INTO rls_dist (rls_id, platform, url) VALUES (15, 'bandcamp', '//spartalien.bandcamp.com/album/the-great-filter');
INSERT INTO rls_dist (rls_id, platform, url) VALUES (15, 'spotify', '//open.spotify.com/album/052gFoANpMCUET2C21MUqh');
INSERT INTO rls_dist (rls_id, platform, url) VALUES (16, 'bandcamp', '//spartalien.bandcamp.com/album/2358');
INSERT INTO rls_dist (rls_id, platform, url) VALUES (16, 'spotify', '//open.spotify.com/album/74TE0Q53NLubkkZyHm8bNJ');
INSERT INTO rls_dist (rls_id, platform, url) VALUES (17, 'bandcamp', '//spartalien.bandcamp.com/track/frozen-memories');
INSERT INTO rls_dist (rls_id, platform, url) VALUES (17, 'spotify', '//open.spotify.com/track/6rSSRx7JdtdWdbNn7gS5Pl');
INSERT INTO rls_dist (rls_id, platform, url) VALUES (18, 'bandcamp', '//spartalien.bandcamp.com/album/brain-i-o');
INSERT INTO rls_dist (rls_id, platform, url) VALUES (18, 'spotify', '//open.spotify.com/playlist/2LF6a2ASNVlKiutk1tADG9');
INSERT INTO rls_dist (rls_id, platform, url) VALUES (19, 'bandcamp', '//spartalien.bandcamp.com/track/they-shot-my-friend');
INSERT INTO rls_dist (rls_id, platform, url) VALUES (19, 'spotify', '//open.spotify.com/track/6gcULl01jPOsWwn2EwVWHM');
INSERT INTO rls_dist (rls_id, platform, url) VALUES (20, 'bandcamp', '//spartalien.bandcamp.com/track/the-sad-lightness-of-being');
INSERT INTO rls_dist (rls_id, platform, url) VALUES (20, 'spotify', '//open.spotify.com/track/2onyU5yxSx9FhxtBgGoykG');
INSERT INTO rls_dist (rls_id, platform, url) VALUES (21, 'bandcamp', '//spartalien.bandcamp.com/album/keen');
INSERT INTO rls_dist (rls_id, platform, url) VALUES (21, 'spotify', '//open.spotify.com/album/7iQax3iHA9OilsTq9dM2nl');
INSERT INTO rls_dist (rls_id, platform, url) VALUES (22, 'bandcamp', '//spartalien.bandcamp.com/track/rainbows-unicorns');
INSERT INTO rls_dist (rls_id, platform, url) VALUES (22, 'spotify', '//open.spotify.com/track/3flUCe6A3SQWJ86hMP0xpU');
INSERT INTO rls_dist (rls_id, platform, url) VALUES (23, 'bandcamp', '//spartalien.bandcamp.com/album/let-it-all-go-volume-1');
INSERT INTO rls_dist (rls_id, platform, url) VALUES (23, 'spotify', '//open.spotify.com/album/5tQQhtJuFAa1IjOnBNLLzX');
INSERT INTO rls_dist (rls_id, platform, url) VALUES (24, 'bandcamp', '//spartalien.bandcamp.com/album/1996');
INSERT INTO rls_dist (rls_id, platform, url) VALUES (24, 'spotify', '//open.spotify.com/album/2ASJu0rQC3x7WiCwBN0VuL');
INSERT INTO rls_dist (rls_id, platform, url) VALUES (25, 'bandcamp', '//spartalien.bandcamp.com/album/let-it-all-go-volume-2');
INSERT INTO rls_dist (rls_id, platform, url) VALUES (25, 'spotify', '//open.spotify.com/album/0HPDjHHVdD4Es2gSckjK3r');
INSERT INTO rls_dist (rls_id, platform, url) VALUES (26, 'bandcamp', '//spartalien.bandcamp.com/album/chill-tracks-2016-2020');
INSERT INTO rls_dist (rls_id, platform, url) VALUES (26, 'spotify', '//open.spotify.com/album/1Ak6UIUqcEN9xtzoB4r3ya');
INSERT INTO rls_dist (rls_id, platform, url) VALUES (27, 'bandcamp', '//spartalien.bandcamp.com/album/floating-high');
INSERT INTO rls_dist (rls_id, platform, url) VALUES (27, 'spotify', '//open.spotify.com/album/7rpbLuknkFeNBOscxZ5djs');
INSERT INTO rls_dist (rls_id, platform, url) VALUES (28, 'bandcamp', '//spartalien.bandcamp.com/track/uncertain');
INSERT INTO rls_dist (rls_id, platform, url) VALUES (28, 'spotify', '//open.spotify.com/track/4A9uz51yEBcHImxUXnhABw');
INSERT INTO rls_dist (rls_id, platform, url) VALUES (29, 'bandcamp', '//spartalien.bandcamp.com/album/the-band-with-the-drummer-who-knew-only-one-rhythm');
INSERT INTO rls_dist (rls_id, platform, url) VALUES (29, 'spotify', '//open.spotify.com/album/5GO8DT7O6oqhAz4Mwblslp');
INSERT INTO rls_dist (rls_id, platform, url) VALUES (30, 'bandcamp', '//spartalien.bandcamp.com/album/flux');
INSERT INTO rls_dist (rls_id, platform, url) VALUES (30, 'spotify', '//open.spotify.com/album/7nngUQbyI6LtVUA1JEJmiL');
INSERT INTO rls_dist (rls_id, platform, url) VALUES (31, 'bandcamp', '//spartalien.bandcamp.com/track/haphe-spartaliens-wicca-remix');
INSERT INTO rls_dist (rls_id, platform, url) VALUES (32, 'bandcamp', '//spartalien.bandcamp.com/album/untold-stories');
INSERT INTO rls_dist (rls_id, platform, url) VALUES (32, 'spotify', '//open.spotify.com/album/5Z09PSUcbZioMV7UvRv7yw');
INSERT INTO rls_dist (rls_id, platform, url) VALUES (33, 'bandcamp', '//spartalien.bandcamp.com/album/untold-stories-doomers-delight');
INSERT INTO rls_dist (rls_id, platform, url) VALUES (33, 'spotify', '//open.spotify.com/album/3MBt8QE1l8kCWBW6QaM71e');
INSERT INTO rls_dist (rls_id, platform, url) VALUES (34, 'bandcamp', '//spartalien.bandcamp.com/album/okay-but-can-you-rap-to-this');
INSERT INTO rls_dist (rls_id, platform, url) VALUES (34, 'spotify', '//open.spotify.com/album/4CXDCmlFrKxbmQjkEINHQa');
INSERT INTO rls_dist (rls_id, platform, url) VALUES (35, 'bandcamp', '//spartalien.bandcamp.com/album/warm-summer-evening');
INSERT INTO rls_dist (rls_id, platform, url) VALUES (35, 'spotify', '//open.spotify.com/album/3faemmsL9qLqKsCz1Oa2lv');
INSERT INTO rls_dist (rls_id, platform, url) VALUES (36, 'bandcamp', '//spartalien.bandcamp.com/album/the-dying-spaceship-symphony');
INSERT INTO rls_dist (rls_id, platform, url) VALUES (37, 'bandcamp', '//spartalien.bandcamp.com/track/yellow-soul-grinder');
INSERT INTO rls_dist (rls_id, platform, url) VALUES (37, 'spotify', '//open.spotify.com/track/2n76dGZUojcVJ1nsN72Mro');
INSERT INTO rls_dist (rls_id, platform, url) VALUES (38, 'bandcamp', '//spartalien.bandcamp.com/album/sound-ex-1');
INSERT INTO rls_dist (rls_id, platform, url) VALUES (38, 'internet archive', '//archive.org/details/arT2-Sound.Ex_1/');
INSERT INTO rls_dist (rls_id, platform, url) VALUES (38, 'mixcloud', '//www.mixcloud.com/lowtechman/old-sound-experiments/');


INSERT INTO phy (id, name, description) VALUES (1, 'Artefact S9M1', 'Type: USB Flash Drive + Digital Album' || CHAR(10) || 'Released: 2018-06-10' || CHAR(10, 10) || 'In May 2018, aerchologists have discovered five objects from an undisclosed location.' || CHAR(10) || 'All of the objects are made of an unknown black material and have the shape of a triangle. The border is painted white.' || CHAR(10) || 'On top, on the lower end of the triangles, a pattern of dots is visible. Every triangle has its own pattern. Theories evolved quickly around the dots and the most common one is, that these could be some sort of counter.' || CHAR(10) || 'Above the dot patterns, a small electronic device with an aluminum case is plugged into a rectangular slot.' || CHAR(10) || 'Above this slot, a twisted line points to the upper corner of the triangle. The aerchologists where startled when they found out that these strangely glow in the dark.' || CHAR(10, 10) || 'A few days after the initial discovery, scientists found out that the aluminum devices in the slot are storage devices. Here is what they could decode:' || CHAR(10) || '- MONOLOG album in three different file formats: WAV, FLAC, MP3' || CHAR(10) || '- MONOLOG album to stream and download on Bandcamp.' || CHAR(10) || '- PDF file with the album information and lyrics.' || CHAR(10) || '- High resoultion album cover.' || CHAR(10) || '- Bonus album track- and promo art.' || CHAR(10) || '- Art, documents, photos and videos to watch/read while/after listening to the album.' || CHAR(10, 10) || 'Digital release is [there](./music/id:13).');
INSERT INTO phy (id, name, description) VALUES (2, 'Memoria S9M2, 2358 Limited Edition', 'Type: Audio-CD + Digital Album' || CHAR(10) || 'Released: 2019-08-13' || CHAR(10, 10) || '"They all feel the same."' || CHAR(10, 10) || 'This is the limited CD edition of the 2358 album. Limited edition of 7.' || CHAR(10, 10) || 'Contains:' || CHAR(10) || '- 2358 album Audio-CD.' || CHAR(10) || '- 2358 album to stream and download on Bandcamp.' || CHAR(10) || '- Original character drawing (Pencil, 12x12cm).' || CHAR(10) || '- CD Jewel Case with handwritten front and back Inlay.' || CHAR(10) || '- A real four-leaved clover.' || CHAR(10) || '- Love.' || CHAR(10, 10) || 'Digital release is [there](./music/id:16).');
INSERT INTO phy (id, name, description) VALUES (3, 'Logo T-Shirt, S9M3', 'Type: T-Shirt' || CHAR(10) || 'Released: 2020-07-06' || CHAR(10, 10) || 'Official logo on a comfortable unisex T-Shirt.' || CHAR(10, 10) || 'Material: 100% Cotton, Oeko-Tex Standard 100' || CHAR(10) || 'Colors: black on white, white on black' || CHAR(10) || 'Sizes: small, medium, large' || CHAR(10) || 'Weight: 145 g/m' || CHAR(10) || 'Washing: max. 40C, inside-out, similiar colors, don''t iron over the print');
INSERT INTO phy (id, name, description) VALUES (4, 'Logo Sticker, S9M4', 'Type: Sticker' || CHAR(10) || 'Released: 2020-07-22' || CHAR(10, 10) || 'Official logo on a Sticker.' || CHAR(10, 10) || 'Colors: black on white, white on black' || CHAR(10) || 'Sizes: 58x70mm, 62x82mm, 80x100mm');
INSERT INTO phy (id, name, description) VALUES (5, 'Memory S9M5, FLOATING HIGH Limited Edition CD-R', 'Type: Audio CD + Digital Album' || CHAR(10) || 'Released: 2021-01-01' || CHAR(10, 10) || 'This is the limited CD edition of the FLOATING HIGH album. Limited edition of 5.' || CHAR(10, 10) || 'Contains:' || CHAR(10) || '- FLOATING HIGH album Audio-CD.' || CHAR(10) || '- FLOATING HIGH album to stream and download on Bandcamp.' || CHAR(10) || '- Includes bonus track: A Night With My Imaginary Friend.' || CHAR(10) || '- CD jewel case, cover and disc printed, handwritten tracklist.' || CHAR(10, 10) || 'Digital release is [there](./music/id:27).');
INSERT INTO phy (id, name, description) VALUES (6, 'Memory S9M6, FLOATING HIGH Limited Edition USB-Stick', 'Type: USB Flash Drive + Digital Album' || CHAR(10) || 'Released: 2021-01-01' || CHAR(10, 10) || 'This is the limited USB-Stick edition of the FLOATING HIGH album. Limited edition of 7.' || CHAR(10, 10) || 'Contains:' || CHAR(10) || '- FLOATING HIGH album in three different file formats: WAV, FLAC, MP3' || CHAR(10) || '- FLOATING HIGH album to stream and download on Bandcamp.' || CHAR(10) || '- Includes bonus track: A Night With My Imaginary Friend.' || CHAR(10) || '- Metal cast USB-Stick (16GB, USB 3.1, FAT32, Win/Mac/Linux).' || CHAR(10) || '- Unique piece of wood to use as a stand for the USB-Stick. All were cut from the same tree branch.' || CHAR(10) || '- Cover art in different sizes including high resolution.' || CHAR(10) || '- Photos to watch while listening to the album.' || CHAR(10, 10) || '**Warning for allergy sufferers**: Wood was treated with a bit of coconut fat.' || CHAR(10, 10) || 'Digital release is [there](./music/id:27).');


INSERT INTO phy_media (phy_id, code) VALUES (1, '{"type": "link", "slug": "//spartalien.bandcamp.com/merch/artefact-s9m1-monolog-limited-edition?action=buy", "text": "SOLD OUT"}');
INSERT INTO phy_media (phy_id, code) VALUES (1, '{"type": "image", "slug": "./file/preview/phy/1-1-med.jpg", "linkto": "./file/phy-monolog/1.jpg"}');
INSERT INTO phy_media (phy_id, code) VALUES (1, '{"type": "image", "slug": "./file/preview/phy/1-2-med.jpg", "linkto": "./file/phy-monolog/2.jpg"}');
INSERT INTO phy_media (phy_id, code) VALUES (1, '{"type": "image", "slug": "./file/preview/phy/1-3-med.jpg", "linkto": "./file/phy-monolog/3.jpg"}');
INSERT INTO phy_media (phy_id, code) VALUES (1, '{"type": "image", "slug": "./file/preview/phy/1-4-med.jpg", "linkto": "./file/phy-monolog/4.jpg"}');
INSERT INTO phy_media (phy_id, code) VALUES (1, '{"type": "image", "slug": "./file/preview/phy/1-5-med.jpg", "linkto": "./file/phy-monolog/5.jpg"}');
INSERT INTO phy_media (phy_id, code) VALUES (1, '{"type": "image", "slug": "./file/preview/phy/1-6-med.jpg", "linkto": "./file/phy-monolog/6.jpg"}');
INSERT INTO phy_media (phy_id, code) VALUES (1, '{"type": "image", "slug": "./file/preview/phy/1-7-med.jpg", "linkto": "./file/phy-monolog/7.jpg"}');
INSERT INTO phy_media (phy_id, code) VALUES (2, '{"type": "link", "slug": "//spartalien.bandcamp.com/merch/memoria-s9m2-2358-limited-edition?action=buy", "text": "BUY"}');
INSERT INTO phy_media (phy_id, code) VALUES (2, '{"type": "link", "slug": "./stuff/id:3", "text": "Making of videos"}');
INSERT INTO phy_media (phy_id, code) VALUES (2, '{"type": "image", "slug": "./file/phy-2358/all.jpg", "linkto": "./file/phy-2358/all.jpg"}');
INSERT INTO phy_media (phy_id, code) VALUES (2, '{"type": "image", "slug": "./file/preview/phy/2-2-med.jpg", "linkto": "./file/phy-2358/package1of7.jpg"}');
INSERT INTO phy_media (phy_id, code) VALUES (2, '{"type": "image", "slug": "./file/preview/phy/2-3-med.jpg", "linkto": "./file/phy-2358/package2of7.jpg"}');
INSERT INTO phy_media (phy_id, code) VALUES (2, '{"type": "image", "slug": "./file/preview/phy/2-4-med.jpg", "linkto": "./file/phy-2358/package3of7.jpg"}');
INSERT INTO phy_media (phy_id, code) VALUES (2, '{"type": "image", "slug": "./file/preview/phy/2-5-med.jpg", "linkto": "./file/phy-2358/package4of7.jpg"}');
INSERT INTO phy_media (phy_id, code) VALUES (2, '{"type": "image", "slug": "./file/preview/phy/2-6-med.jpg", "linkto": "./file/phy-2358/package5of7.jpg"}');
INSERT INTO phy_media (phy_id, code) VALUES (2, '{"type": "image", "slug": "./file/preview/phy/2-7-med.jpg", "linkto": "./file/phy-2358/package6of7.jpg"}');
INSERT INTO phy_media (phy_id, code) VALUES (2, '{"type": "image", "slug": "./file/preview/phy/2-8-med.jpg", "linkto": "./file/phy-2358/package7of7.jpg"}');
INSERT INTO phy_media (phy_id, code) VALUES (2, '{"type": "youtubevideo", "slug": "eVzQQe1LyoY"}');
INSERT INTO phy_media (phy_id, code) VALUES (2, '{"type": "youtubevideo", "slug": "-9iwRLyjK-g"}');
INSERT INTO phy_media (phy_id, code) VALUES (2, '{"type": "youtubevideo", "slug": "D_PxOWk6v38"}');
INSERT INTO phy_media (phy_id, code) VALUES (2, '{"type": "youtubevideo", "slug": "ZbkqkQ8ZUoI"}');
INSERT INTO phy_media (phy_id, code) VALUES (2, '{"type": "youtubevideo", "slug": "PEOKvptSzDs"}');
INSERT INTO phy_media (phy_id, code) VALUES (2, '{"type": "youtubevideo", "slug": "43TRzxkP48I"}');
INSERT INTO phy_media (phy_id, code) VALUES (2, '{"type": "youtubevideo", "slug": "P4ccQUu8S3U"}');
INSERT INTO phy_media (phy_id, code) VALUES (2, '{"type": "youtubevideo", "slug": "XP89XWk1BeA"}');
INSERT INTO phy_media (phy_id, code) VALUES (2, '{"type": "youtubevideo", "slug": "wBKZFFxSQb0"}');
INSERT INTO phy_media (phy_id, code) VALUES (2, '{"type": "youtubevideo", "slug": "LDlcH_Z7Tfc"}');
INSERT INTO phy_media (phy_id, code) VALUES (3, '{"type": "link", "slug": "//spartalien.bandcamp.com/merch/logo-t-shirt-s9m3?action=buy", "text": "BUY"}');
INSERT INTO phy_media (phy_id, code) VALUES (3, '{"type": "image", "slug": "./file/preview/phy/3-1-med.jpg", "linkto": "./file/phy-tshirt/1.jpg"}');
INSERT INTO phy_media (phy_id, code) VALUES (3, '{"type": "image", "slug": "./file/preview/phy/3-2-med.jpg", "linkto": "./file/phy-tshirt/2.jpg"}');
INSERT INTO phy_media (phy_id, code) VALUES (3, '{"type": "image", "slug": "./file/preview/phy/3-3-med.jpg", "linkto": "./file/phy-tshirt/3.jpg"}');
INSERT INTO phy_media (phy_id, code) VALUES (3, '{"type": "image", "slug": "./file/preview/phy/3-4-med.jpg", "linkto": "./file/phy-tshirt/4.jpg"}');
INSERT INTO phy_media (phy_id, code) VALUES (3, '{"type": "image", "slug": "./file/preview/phy/3-5-med.jpg", "linkto": "./file/phy-tshirt/5.jpg"}');
INSERT INTO phy_media (phy_id, code) VALUES (4, '{"type": "link", "slug": "//spartalien.bandcamp.com/merch/logo-sticker-s9m4?action=buy", "text": "BUY"}');
INSERT INTO phy_media (phy_id, code) VALUES (4, '{"type": "image", "slug": "./file/preview/phy/4-1-med.jpg", "linkto": "./file/phy-sticker/white-on-black.jpg"}');
INSERT INTO phy_media (phy_id, code) VALUES (4, '{"type": "image", "slug": "./file/preview/phy/4-2-med.jpg", "linkto": "./file/phy-sticker/black-on-white.jpg"}');
INSERT INTO phy_media (phy_id, code) VALUES (5, '{"type": "link", "slug": "//spartalien.bandcamp.com/merch/memory-s9m5-floating-high-limited-edition-cd-r?action=buy", "text": "SOLD OUT"}');
INSERT INTO phy_media (phy_id, code) VALUES (5, '{"type": "image", "slug": "./file/preview/phy/5-1-med.jpg", "linkto": "./file/phy-floatinghigh-cd/1.jpg"}');
INSERT INTO phy_media (phy_id, code) VALUES (5, '{"type": "image", "slug": "./file/preview/phy/5-2-med.jpg", "linkto": "./file/phy-floatinghigh-cd/2.jpg"}');
INSERT INTO phy_media (phy_id, code) VALUES (5, '{"type": "image", "slug": "./file/preview/phy/5-8-med.jpg", "linkto": "./file/phy-floatinghigh-cd/8.jpg"}');
INSERT INTO phy_media (phy_id, code) VALUES (5, '{"type": "image", "slug": "./file/preview/phy/5-3-med.jpg", "linkto": "./file/phy-floatinghigh-cd/3.jpg"}');
INSERT INTO phy_media (phy_id, code) VALUES (5, '{"type": "image", "slug": "./file/preview/phy/5-4-med.jpg", "linkto": "./file/phy-floatinghigh-cd/4.jpg"}');
INSERT INTO phy_media (phy_id, code) VALUES (5, '{"type": "image", "slug": "./file/preview/phy/5-5-med.jpg", "linkto": "./file/phy-floatinghigh-cd/5.jpg"}');
INSERT INTO phy_media (phy_id, code) VALUES (5, '{"type": "image", "slug": "./file/preview/phy/5-6-med.jpg", "linkto": "./file/phy-floatinghigh-cd/6.jpg"}');
INSERT INTO phy_media (phy_id, code) VALUES (5, '{"type": "image", "slug": "./file/preview/phy/5-7-med.jpg", "linkto": "./file/phy-floatinghigh-cd/7.jpg"}');
INSERT INTO phy_media (phy_id, code) VALUES (6, '{"type": "link", "slug": "//spartalien.bandcamp.com/merch/memory-s9m6-floating-high-limited-edition-usb-stick?action=buy", "text": "BUY"}');
INSERT INTO phy_media (phy_id, code) VALUES (6, '{"type": "image", "slug": "./file/preview/phy/6-1-med.jpg", "linkto": "./file/phy-floatinghigh-usb/1.jpg"}');
INSERT INTO phy_media (phy_id, code) VALUES (6, '{"type": "image", "slug": "./file/preview/phy/6-2-med.jpg", "linkto": "./file/phy-floatinghigh-usb/2.jpg"}');
INSERT INTO phy_media (phy_id, code) VALUES (6, '{"type": "image", "slug": "./file/preview/phy/6-3-med.jpg", "linkto": "./file/phy-floatinghigh-usb/3.jpg"}');


INSERT INTO visual (id, name, pub_date, tool, description) VALUES (1, 'S.O.I.A.', '2000', 'Pen', NULL);
INSERT INTO visual (id, name, pub_date, tool, description) VALUES (2, 'What does your soul look like? (Part 1-5', '2002', 'Photoshop', NULL);
INSERT INTO visual (id, name, pub_date, tool, description) VALUES (3, 'TripZ v6 theme concept', '2002', 'Photoshop', NULL);
INSERT INTO visual (id, name, pub_date, tool, description) VALUES (4, 'Sunshine Recorder', '2002', 'Photoshop', NULL);
INSERT INTO visual (id, name, pub_date, tool, description) VALUES (5, 'Stillness of heart', '2002', 'Photoshop', NULL);
INSERT INTO visual (id, name, pub_date, tool, description) VALUES (6, 'Schlaflos 2', '2002', 'Photoshop', NULL);
INSERT INTO visual (id, name, pub_date, tool, description) VALUES (7, 'Auffressen', '2002', 'Photoshop', NULL);
INSERT INTO visual (id, name, pub_date, tool, description) VALUES (8, 'Answer', '2002', 'Photography, Photoshop', NULL);
INSERT INTO visual (id, name, pub_date, tool, description) VALUES (9, 'Based on a true story', '2003', 'Photography, Photoshop', NULL);
INSERT INTO visual (id, name, pub_date, tool, description) VALUES (10, 'Deathsman Woman', '2003', 'Photoshop', NULL);
INSERT INTO visual (id, name, pub_date, tool, description) VALUES (11, 'Infected', '2003', 'Photoshop', NULL);
INSERT INTO visual (id, name, pub_date, tool, description) VALUES (12, 'Zombienation 1', '2003', 'Photography, Photoshop', NULL);
INSERT INTO visual (id, name, pub_date, tool, description) VALUES (13, 'More human than human', '2003', 'Photoshop', NULL);
INSERT INTO visual (id, name, pub_date, tool, description) VALUES (14, 'Killersky 1', '2003', 'Photography, Photoshop', NULL);
INSERT INTO visual (id, name, pub_date, tool, description) VALUES (15, 'Zombienation 2', '2004', 'Photography, Photoshop', NULL);
INSERT INTO visual (id, name, pub_date, tool, description) VALUES (16, 'Cold & Empty', '2004', 'Photoshop', NULL);
INSERT INTO visual (id, name, pub_date, tool, description) VALUES (17, 'Wicked', '2004', 'Photography, Photoshop', NULL);
INSERT INTO visual (id, name, pub_date, tool, description) VALUES (18, 'Voices in my brain (Part 1-2)', '2004', 'Photography, Photoshop', NULL);
INSERT INTO visual (id, name, pub_date, tool, description) VALUES (19, 'Beach Strangeness', '2004', 'Photoshop', NULL);
INSERT INTO visual (id, name, pub_date, tool, description) VALUES (20, 'arT2', '2004', 'Photography, Photoshop', NULL);
INSERT INTO visual (id, name, pub_date, tool, description) VALUES (21, 'Chaos. You are.', '2005', 'Photoshop', NULL);
INSERT INTO visual (id, name, pub_date, tool, description) VALUES (22, 'Communication (Part 1-9)', '2006', 'GIMP', NULL);
INSERT INTO visual (id, name, pub_date, tool, description) VALUES (23, 'No cuts. Anymore.', '2006', 'GIMP', NULL);
INSERT INTO visual (id, name, pub_date, tool, description) VALUES (24, 'Underground. The.', '2009', 'Photography, GIMP', NULL);
INSERT INTO visual (id, name, pub_date, tool, description) VALUES (25, 'A Childs Rhyme', '2009', 'Photography, GIMP', NULL);
INSERT INTO visual (id, name, pub_date, tool, description) VALUES (26, 'The inside', '2010', 'Photography, GIMP', NULL);
INSERT INTO visual (id, name, pub_date, tool, description) VALUES (27, 'Relict', '2010', 'Photography, GIMP', NULL);
INSERT INTO visual (id, name, pub_date, tool, description) VALUES (28, 'Neither you. Nor he.', '2010', 'Photography, GIMP', NULL);
INSERT INTO visual (id, name, pub_date, tool, description) VALUES (29, 'Love.', '2010', 'Photography, GIMP', NULL);
INSERT INTO visual (id, name, pub_date, tool, description) VALUES (30, 'Last consequence', '2010', 'Photography, GIMP', NULL);
INSERT INTO visual (id, name, pub_date, tool, description) VALUES (31, 'Compassion', '2010', 'Photography, GIMP', NULL);
INSERT INTO visual (id, name, pub_date, tool, description) VALUES (32, 'Back and forth', '2010', 'Photography, GIMP', NULL);
INSERT INTO visual (id, name, pub_date, tool, description) VALUES (33, 'The planet (Part 1-5)', '2012', 'Photography, GIMP', NULL);
INSERT INTO visual (id, name, pub_date, tool, description) VALUES (34, 'It''s gonna come down on you anyway...', '2013', 'Photography, GIMP', NULL);
INSERT INTO visual (id, name, pub_date, tool, description) VALUES (35, 'The ghost in my world', '2014', 'Photography, GIMP', NULL);
INSERT INTO visual (id, name, pub_date, tool, description) VALUES (36, 'Audionaut', '2016', 'GIMP', 'If you think you''ve seen this before, you probably did. It''s a remake of an old logo I once designed (and am using now for the [Planet 420)(./planet420) coverart images).');
INSERT INTO visual (id, name, pub_date, tool, description) VALUES (37, 'Eventually', '2021', 'Blender, Resolve', NULL);
INSERT INTO visual (id, name, pub_date, tool, description) VALUES (38, 'Lost memory', '2021', 'Blender, Resolve', NULL);
INSERT INTO visual (id, name, pub_date, tool, description) VALUES (39, 'Tunnel B21.4.3', '2021', 'Blender, Resolve', NULL);
INSERT INTO visual (id, name, pub_date, tool, description) VALUES (40, 'E dote Baum am Abgrund', '2021', 'Blender, GIMP', NULL);
INSERT INTO visual (id, name, pub_date, tool, description) VALUES (41, 'Subweird 1', '2021', 'Videography, Resolve', NULL);
INSERT INTO visual (id, name, pub_date, tool, description) VALUES (42, 'Continuoduction', '2017-08-25', 'Videography, Premiere', 'Music video for [Continuoduction](./catalog/track:1).');
INSERT INTO visual (id, name, pub_date, tool, description) VALUES (43, 'I''ll Embrace You Again In Space', '2018-05-24', 'Videography, Hitfilm', 'Music video for [I''ll Embrace You Again In Space](./catalog/track:2).');
INSERT INTO visual (id, name, pub_date, tool, description) VALUES (44, 'Realize It''s Just A Ride', '2018-05-24', 'Videography, Premiere', 'Music video for [Realize It''s Just A Ride](./catalog/track:3).');
INSERT INTO visual (id, name, pub_date, tool, description) VALUES (45, 'Nature''s Song', '2018-03-24', 'Videography, Premiere', 'Music video for [Nature''s Song](./catalog/track:4).');
INSERT INTO visual (id, name, pub_date, tool, description) VALUES (46, 'Random Morning Piano Doodles', '2019-02-10', 'Videography, Premiere', NULL);
INSERT INTO visual (id, name, pub_date, tool, description) VALUES (47, 'Paenitentia', '2019-06-03', 'Videography, Resolve', 'Music video for [Paenitentia](./catalog/track:36).');
INSERT INTO visual (id, name, pub_date, tool, description) VALUES (48, 'Brain I/O #1', '2019-06-09', 'Audio Visualizer, Resolve', 'Music video for [Brain I/O #1](./catalog/track:45).');
INSERT INTO visual (id, name, pub_date, tool, description) VALUES (49, 'Brain I/O #2', '2019-06-13', 'Audio Visualizer, Resolve', 'Music video for [Brain I/O #2](./catalog/track:46).');
INSERT INTO visual (id, name, pub_date, tool, description) VALUES (50, 'Brain I/O #3', '2019-07-02', 'Audio Visualizer, Resolve', 'Music video for [Brain I/O #3](./catalog/track:47).');
INSERT INTO visual (id, name, pub_date, tool, description) VALUES (51, 'Brain I/O #4', '2019-07-12', 'Audio Visualizer, Resolve', 'Music video for [Brain I/O #4](./catalog/track:50).');
INSERT INTO visual (id, name, pub_date, tool, description) VALUES (52, 'Brain I/O #5', '2019-07-20', 'Audio Visualizer, Resolve', 'Music video for [Brain I/O #5](./catalog/track:51).');
INSERT INTO visual (id, name, pub_date, tool, description) VALUES (53, 'Brain I/O #6', '2019-08-15', 'Audio Visualizer, Resolve', 'Music video for [Brain I/O #6](./catalog/track:52).');
INSERT INTO visual (id, name, pub_date, tool, description) VALUES (54, 'Brain I/O #7', '2019-12-12', 'Audio Visualizer, Resolve', 'Music video for [Brain I/O #7](./catalog/track:53).');
INSERT INTO visual (id, name, pub_date, tool, description) VALUES (55, 'Brain I/O #8', '2019-12-28', 'Audio Visualizer, Resolve', 'Music video for [Brain I/O #8](./catalog/track:59).');
INSERT INTO visual (id, name, pub_date, tool, description) VALUES (56, 'Let It All Go, Volume 1', '2020-02-13', 'Audio Visualizer, Resolve', 'Music video for [Let It All Go, Volume 1](./catalog/track:60).');
INSERT INTO visual (id, name, pub_date, tool, description) VALUES (57, 'Brain I/O #9', '2020-04-23', 'Videography, Resolve', 'Music video for [Brain I/O #9](./catalog/track:62).');
INSERT INTO visual (id, name, pub_date, tool, description) VALUES (58, 'Slomo Intros', '2020-05-02', 'Resolve', NULL);
INSERT INTO visual (id, name, pub_date, tool, description) VALUES (59, 'Brain I/O #10', '2020-07-13', 'Resolve', 'Music video for [Brain I/O #10](./catalog/track:76).');
INSERT INTO visual (id, name, pub_date, tool, description) VALUES (60, 'Let It All Go, Volume 2', '2020-12-10', 'Videography, Resolve', 'Music video for [Let It All Go, Volume 2](./catalog/track:77).');
INSERT INTO visual (id, name, pub_date, tool, description) VALUES (61, '4+ Hours of Dark Experimental Ambient and Noise Music | BRAIN I/O', '2021-03-05', 'Videography, Resolve', 'Mixed version of [BRAIN I/O #1 - #10](./music/id:18).');
INSERT INTO visual (id, name, pub_date, tool, description) VALUES (62, 'Flux (feat. Stevie Lee Price', '2021-08-13', 'Resolve', 'Music video for [Flux (feat. Stevie Lee Price)](./catalog/track:97).');
INSERT INTO visual (id, name, pub_date, tool, description) VALUES (63, 'Calming Stress Relief Music for Meditation, Reflection, and Solitude | UNTOLD STORIES', '2021-10-03', 'GIMP, Resolve', 'Mixed version of [UNTOLD STORIES](./music/id:32).');
INSERT INTO visual (id, name, pub_date, tool, description) VALUES (64, 'Promo Art 2018-03', '2018-03', 'Photography, GIMP', 'Setting the mood.');
INSERT INTO visual (id, name, pub_date, tool, description) VALUES (65, 'X Minutes of Peace', '2018', 'Videography, Premiere', 'Relax.');
INSERT INTO visual (id, name, pub_date, tool, description) VALUES (66, 'TOTAL FUCKING MADNESS', '2023-01', 'Resolve', 'TOTAL FUCKING MADNESS' || CHAR(10) || 'TOTAL FUCKING MADNESS' || CHAR(10) || 'TOTAL FUCKING MADNESS' || CHAR(10) || 'TOTAL FUCKING MADNESS' || CHAR(10) || 'TOTAL FUCKING MADNESS' || CHAR(10) || 'TOTAL FUCKING MADNESS' || CHAR(10, 10) || '00:00 Intro' || CHAR(10) || '00:32 Level 1' || CHAR(10) || '05:28 Level 2' || CHAR(10) || '10:00 Level 3' || CHAR(10) || '14:06 Level 4' || CHAR(10) || '17:48 Level 5' || CHAR(10) || '21:06 Level 6' || CHAR(10) || '23:58 Outro');
INSERT INTO visual (id, name, pub_date, tool, description) VALUES (67, 'GhostTownTunes Logo', '2021', 'Blender, Resolve', 'Livestream logo made for [GhostTownTunes](http://twitch.tv/ghosttowntunes). Based on his original 2D logo made by *Unknown Creator*.');


INSERT INTO visual_media (visual_id, code) VALUES (1, '{"type": "image", "slug": "./file/visual/2000-soia.jpg", "linkto": "./file/visual/2000-soia.jpg"}');
INSERT INTO visual_media (visual_id, code) VALUES (2, '{"type": "image", "slug": "./file/preview/visual/2-1-med.jpg", "linkto": "./file/visual/2002-what_like-part1.jpg"}');
INSERT INTO visual_media (visual_id, code) VALUES (2, '{"type": "image", "slug": "./file/preview/visual/2-2-med.jpg", "linkto": "./file/visual/2002-what_like-part2.jpg"}');
INSERT INTO visual_media (visual_id, code) VALUES (2, '{"type": "image", "slug": "./file/preview/visual/2-3-med.jpg", "linkto": "./file/visual/2002-what_like-part3.jpg"}');
INSERT INTO visual_media (visual_id, code) VALUES (2, '{"type": "image", "slug": "./file/preview/visual/2-4-med.jpg", "linkto": "./file/visual/2002-what_like-part4.jpg"}');
INSERT INTO visual_media (visual_id, code) VALUES (2, '{"type": "image", "slug": "./file/preview/visual/2-5-med.jpg", "linkto": "./file/visual/2002-what_like-part5.jpg"}');
INSERT INTO visual_media (visual_id, code) VALUES (3, '{"type": "image", "slug": "./file/preview/visual/3-med.jpg", "linkto": "./file/visual/2002-tripz_v6_unifit.jpg"}');
INSERT INTO visual_media (visual_id, code) VALUES (4, '{"type": "image", "slug": "./file/preview/visual/4-med.jpg", "linkto": "./file/visual/2002-sunshine_recorder.jpg"}');
INSERT INTO visual_media (visual_id, code) VALUES (5, '{"type": "image", "slug": "./file/visual/2002-stillness_of_heart.jpg", "linkto": "./file/visual/2002-stillness_of_heart.jpg"}');
INSERT INTO visual_media (visual_id, code) VALUES (6, '{"type": "image", "slug": "./file/preview/visual/6-med.jpg", "linkto": "./file/visual/2002-schlaflos2.jpg"}');
INSERT INTO visual_media (visual_id, code) VALUES (7, '{"type": "image", "slug": "./file/preview/visual/7-med.jpg", "linkto": "./file/visual/2002-auffressen.jpg"}');
INSERT INTO visual_media (visual_id, code) VALUES (8, '{"type": "image", "slug": "./file/preview/visual/8-med.jpg", "linkto": "./file/visual/2002-answer.jpg"}');
INSERT INTO visual_media (visual_id, code) VALUES (9, '{"type": "image", "slug": "./file/visual/2003-basedonatruestory.jpg", "linkto": "./file/visual/2003-basedonatruestory.jpg"}');
INSERT INTO visual_media (visual_id, code) VALUES (10, '{"type": "image", "slug": "./file/visual/2003-deathsman_woman.jpg", "linkto": "./file/visual/2003-deathsman_woman.jpg"}');
INSERT INTO visual_media (visual_id, code) VALUES (11, '{"type": "image", "slug": "./file/visual/2003-infected.jpg", "linkto": "./file/visual/2003-infected.jpg"}');
INSERT INTO visual_media (visual_id, code) VALUES (12, '{"type": "image", "slug": "./file/visual/2003-zombienation1.jpg", "linkto": "./file/visual/2003-zombienation1.jpg"}');
INSERT INTO visual_media (visual_id, code) VALUES (13, '{"type": "image", "slug": "./file/preview/visual/13-med.jpg", "linkto": "./file/visual/2003-more_human_than_human.jpg"}');
INSERT INTO visual_media (visual_id, code) VALUES (14, '{"type": "image", "slug": "./file/visual/2003-killersky1.jpg", "linkto": "./file/visual/2003-killersky1.jpg"}');
INSERT INTO visual_media (visual_id, code) VALUES (15, '{"type": "image", "slug": "./file/visual/2004-zombienation2.jpg", "linkto": "./file/visual/2004-zombienation2.jpg"}');
INSERT INTO visual_media (visual_id, code) VALUES (16, '{"type": "image", "slug": "./file/preview/visual/16-med.jpg", "linkto": "./file/visual/2004-cold_and_empty.jpg"}');
INSERT INTO visual_media (visual_id, code) VALUES (17, '{"type": "image", "slug": "./file/preview/visual/17-med.jpg", "linkto": "./file/visual/2004-wicked.png"}');
INSERT INTO visual_media (visual_id, code) VALUES (18, '{"type": "image", "slug": "./file/preview/visual/18-1-med.jpg", "linkto": "./file/visual/2004-voices_in_my_brain-1.jpg"}');
INSERT INTO visual_media (visual_id, code) VALUES (18, '{"type": "image", "slug": "./file/preview/visual/18-2-med.jpg", "linkto": "./file/visual/2004-voices_in_my_brain-2.jpg"}');
INSERT INTO visual_media (visual_id, code) VALUES (19, '{"type": "image", "slug": "./file/preview/visual/19-med.jpg", "linkto": "./file/visual/2004-beach_strangeness.png"}');
INSERT INTO visual_media (visual_id, code) VALUES (20, '{"type": "image", "slug": "./file/visual/2004-arT2.jpg", "linkto": "./file/visual/2004-arT2.jpg"}');
INSERT INTO visual_media (visual_id, code) VALUES (21, '{"type": "image", "slug": "./file/preview/visual/21-med.jpg", "linkto": "./file/visual/2005-chaos_you_are.jpg"}');
INSERT INTO visual_media (visual_id, code) VALUES (22, '{"type": "image", "slug": "./file/visual/2006-communication-part1.png", "linkto": "./file/visual/2006-communication-part1.png"}');
INSERT INTO visual_media (visual_id, code) VALUES (22, '{"type": "image", "slug": "./file/visual/2006-communication-part2.png", "linkto": "./file/visual/2006-communication-part2.png"}');
INSERT INTO visual_media (visual_id, code) VALUES (22, '{"type": "image", "slug": "./file/visual/2006-communication-part3.png", "linkto": "./file/visual/2006-communication-part3.png"}');
INSERT INTO visual_media (visual_id, code) VALUES (22, '{"type": "image", "slug": "./file/visual/2006-communication-part4.png", "linkto": "./file/visual/2006-communication-part4.png"}');
INSERT INTO visual_media (visual_id, code) VALUES (22, '{"type": "image", "slug": "./file/visual/2006-communication-part5.png", "linkto": "./file/visual/2006-communication-part5.png"}');
INSERT INTO visual_media (visual_id, code) VALUES (22, '{"type": "image", "slug": "./file/visual/2006-communication-part6.png", "linkto": "./file/visual/2006-communication-part6.png"}');
INSERT INTO visual_media (visual_id, code) VALUES (22, '{"type": "image", "slug": "./file/visual/2006-communication-part7.png", "linkto": "./file/visual/2006-communication-part7.png"}');
INSERT INTO visual_media (visual_id, code) VALUES (22, '{"type": "image", "slug": "./file/visual/2006-communication-part8.png", "linkto": "./file/visual/2006-communication-part8.png"}');
INSERT INTO visual_media (visual_id, code) VALUES (22, '{"type": "image", "slug": "./file/visual/2006-communication-part9.png", "linkto": "./file/visual/2006-communication-part9.png"}');
INSERT INTO visual_media (visual_id, code) VALUES (23, '{"type": "image", "slug": "./file/preview/visual/23-med.jpg", "linkto": "./file/visual/2006-no_cuts_anymore.jpg"}');
INSERT INTO visual_media (visual_id, code) VALUES (24, '{"type": "image", "slug": "./file/visual/2009-underground_the-remastered.png", "linkto": "./file/visual/2009-underground_the-remastered.png"}');
INSERT INTO visual_media (visual_id, code) VALUES (25, '{"type": "image", "slug": "./file/preview/visual/25-med.jpg", "linkto": "./file/visual/2009-a_childs_rhyme.png"}');
INSERT INTO visual_media (visual_id, code) VALUES (26, '{"type": "image", "slug": "./file/visual/2010-the_inside.gif", "linkto": "./file/visual/2010-the_inside.gif"}');
INSERT INTO visual_media (visual_id, code) VALUES (27, '{"type": "image", "slug": "./file/visual/2010-relict.png", "linkto": "./file/visual/2010-relict.png"}');
INSERT INTO visual_media (visual_id, code) VALUES (28, '{"type": "image", "slug": "./file/visual/2010-neither_you_nor_he.gif", "linkto": "./file/visual/2010-neither_you_nor_he.gif"}');
INSERT INTO visual_media (visual_id, code) VALUES (29, '{"type": "image", "slug": "./file/preview/visual/29-med.jpg", "linkto": "./file/visual/2010-love.png"}');
INSERT INTO visual_media (visual_id, code) VALUES (30, '{"type": "image", "slug": "./file/preview/visual/30-med.jpg", "linkto": "./file/visual/2010-last_consequence.png"}');
INSERT INTO visual_media (visual_id, code) VALUES (31, '{"type": "image", "slug": "./file/preview/visual/31-med.jpg", "linkto": "./file/visual/2010-compassion.png"}');
INSERT INTO visual_media (visual_id, code) VALUES (32, '{"type": "image", "slug": "./file/visual/2010-back_and_forth.gif", "linkto": "./file/visual/2010-back_and_forth.gif"}');
INSERT INTO visual_media (visual_id, code) VALUES (33, '{"type": "image", "slug": "./file/preview/visual/33-1-med.jpg", "linkto": "./file/visual/2012-the_planet_1.png"}');
INSERT INTO visual_media (visual_id, code) VALUES (33, '{"type": "image", "slug": "./file/preview/visual/33-2-med.jpg", "linkto": "./file/visual/2012-the_planet_2.png"}');
INSERT INTO visual_media (visual_id, code) VALUES (33, '{"type": "image", "slug": "./file/preview/visual/33-3-med.jpg", "linkto": "./file/visual/2012-the_planet_3.png"}');
INSERT INTO visual_media (visual_id, code) VALUES (33, '{"type": "image", "slug": "./file/preview/visual/33-4-med.jpg", "linkto": "./file/visual/2012-the_planet_4.png"}');
INSERT INTO visual_media (visual_id, code) VALUES (33, '{"type": "image", "slug": "./file/preview/visual/33-5-med.jpg", "linkto": "./file/visual/2012-the_planet_5.png"}');
INSERT INTO visual_media (visual_id, code) VALUES (34, '{"type": "image", "slug": "./file/preview/visual/34-med.jpg", "linkto": "./file/visual/2013-its_gonna_come_down_on_you_anyway.png"}');
INSERT INTO visual_media (visual_id, code) VALUES (35, '{"type": "image", "slug": "./file/preview/visual/35-med.jpg", "linkto": "./file/visual/2014-20140927-the_ghost_in_my_world.png"}');
INSERT INTO visual_media (visual_id, code) VALUES (36, '{"type": "image", "slug": "./file/preview/visual/36-med.jpg", "linkto": "./file/visual/2016-the_audionaut_is_back_1920x1080-notext.png"}');
INSERT INTO visual_media (visual_id, code) VALUES (37, '{"type": "video", "slug": "./file/visual/2021-eventually.mp4", "attr": [["poster", "./file/preview/visual/37-tn.jpg"], ["autoplay", "autoplay"], ["loop", "loop"]]}');
INSERT INTO visual_media (visual_id, code) VALUES (38, '{"type": "video", "slug": "./file/visual/2021-lost_memory.mp4", "attr": [["poster", "./file/preview/visual/38-tn.jpg"], ["autoplay", "autoplay"], ["loop", "loop"]]}');
INSERT INTO visual_media (visual_id, code) VALUES (39, '{"type": "video", "slug": "./file/visual/2021-tunnel_b21_4_3.mp4", "attr": [["poster", "./file/preview/visual/39-tn.jpg"], ["autoplay", "autoplay"], ["loop", "loop"]]}');
INSERT INTO visual_media (visual_id, code) VALUES (40, '{"type": "image", "slug": "./file/preview/visual/40-med.jpg", "linkto": "./file/visual/2021-e_dote_baum_am_abgrund-web.png"}');
INSERT INTO visual_media (visual_id, code) VALUES (41, '{"type": "video", "slug": "./file/visual/2021-subweird1.mp4", "attr": [["poster", "./file/preview/visual/41-tn.jpg"], ["autoplay", "autoplay"], ["loop", "loop"]]}');
INSERT INTO visual_media (visual_id, code) VALUES (42, '{"type": "youtubevideo", "slug": "QZovE8JDsXU"}');
INSERT INTO visual_media (visual_id, code) VALUES (43, '{"type": "youtubevideo", "slug": "cC4vSYqYbYA"}');
INSERT INTO visual_media (visual_id, code) VALUES (44, '{"type": "youtubevideo", "slug": "v3aCJysvutk"}');
INSERT INTO visual_media (visual_id, code) VALUES (45, '{"type": "youtubevideo", "slug": "KYNIayrc074"}');
INSERT INTO visual_media (visual_id, code) VALUES (46, '{"type": "youtubevideo", "slug": "EbiUIUY7Juo"}');
INSERT INTO visual_media (visual_id, code) VALUES (47, '{"type": "youtubevideo", "slug": "Yf_Q5zuvdOQ"}');
INSERT INTO visual_media (visual_id, code) VALUES (48, '{"type": "youtubevideo", "slug": "jjpsrGAH1Vk"}');
INSERT INTO visual_media (visual_id, code) VALUES (49, '{"type": "youtubevideo", "slug": "e38lxhkfrXE"}');
INSERT INTO visual_media (visual_id, code) VALUES (50, '{"type": "youtubevideo", "slug": "Rc1cSKHdXK4"}');
INSERT INTO visual_media (visual_id, code) VALUES (51, '{"type": "youtubevideo", "slug": "voQh6jUyByo"}');
INSERT INTO visual_media (visual_id, code) VALUES (52, '{"type": "youtubevideo", "slug": "bIkI9L_eC8o"}');
INSERT INTO visual_media (visual_id, code) VALUES (53, '{"type": "youtubevideo", "slug": "rXBqQgStAa8"}');
INSERT INTO visual_media (visual_id, code) VALUES (54, '{"type": "youtubevideo", "slug": "cRHFzY99dto"}');
INSERT INTO visual_media (visual_id, code) VALUES (55, '{"type": "youtubevideo", "slug": "EwzH5ggyp8o"}');
INSERT INTO visual_media (visual_id, code) VALUES (56, '{"type": "youtubevideo", "slug": "D0GvSMubkFw"}');
INSERT INTO visual_media (visual_id, code) VALUES (57, '{"type": "youtubevideo", "slug": "qzoyH1sxyTE"}');
INSERT INTO visual_media (visual_id, code) VALUES (58, '{"type": "youtubevideo", "slug": "h0U94dfeDig"}');
INSERT INTO visual_media (visual_id, code) VALUES (59, '{"type": "youtubevideo", "slug": "D3Ud0r4eVAI"}');
INSERT INTO visual_media (visual_id, code) VALUES (60, '{"type": "youtubevideo", "slug": "4HLmwToUeXw"}');
INSERT INTO visual_media (visual_id, code) VALUES (61, '{"type": "youtubevideo", "slug": "FUErhO5OW1M"}');
INSERT INTO visual_media (visual_id, code) VALUES (62, '{"type": "youtubevideo", "slug": "mE4p5UV62sw"}');
INSERT INTO visual_media (visual_id, code) VALUES (63, '{"type": "youtubevideo", "slug": "mseAapnJomY"}');
INSERT INTO visual_media (visual_id, code) VALUES (64, '{"type": "image", "slug": "./file/preview/visual/64-1-med.jpg", "linkto": "./file/visual/2018-spartalien-promoart-201803-1.jpg"}');
INSERT INTO visual_media (visual_id, code) VALUES (64, '{"type": "image", "slug": "./file/preview/visual/64-2-med.jpg", "linkto": "./file/visual/2018-spartalien-promoart-201803-2.jpg"}');
INSERT INTO visual_media (visual_id, code) VALUES (64, '{"type": "image", "slug": "./file/preview/visual/64-3-med.jpg", "linkto": "./file/visual/2018-spartalien-promoart-201803-3.jpg"}');
INSERT INTO visual_media (visual_id, code) VALUES (64, '{"type": "image", "slug": "./file/preview/visual/64-4-med.jpg", "linkto": "./file/visual/2018-spartalien-promoart-201803-4.jpg"}');
INSERT INTO visual_media (visual_id, code) VALUES (64, '{"type": "image", "slug": "./file/visual/2018-spartalien-promoart-201803-5.jpg", "linkto": "./file/visual/2018-spartalien-promoart-201803-5.jpg"}');
INSERT INTO visual_media (visual_id, code) VALUES (64, '{"type": "image", "slug": "./file/preview/visual/64-6-med.jpg", "linkto": "./file/visual/2018-spartalien-promoart-201803-6.jpg"}');
INSERT INTO visual_media (visual_id, code) VALUES (64, '{"type": "image", "slug": "./file/preview/visual/64-7-med.jpg", "linkto": "./file/visual/2018-spartalien-promoart-201803-7.jpg"}');
INSERT INTO visual_media (visual_id, code) VALUES (64, '{"type": "image", "slug": "./file/preview/visual/64-8-med.jpg", "linkto": "./file/visual/2018-spartalien-promoart-201803-8.jpg"}');
INSERT INTO visual_media (visual_id, code) VALUES (65, '{"type": "youtubevideo", "slug": "uL2S2xVQPto"}');
INSERT INTO visual_media (visual_id, code) VALUES (65, '{"type": "youtubevideo", "slug": "z7cUKof9VvU"}');
INSERT INTO visual_media (visual_id, code) VALUES (65, '{"type": "youtubevideo", "slug": "MVBeO9HvKZM"}');
INSERT INTO visual_media (visual_id, code) VALUES (65, '{"type": "youtubevideo", "slug": "JDFAeND7hlI"}');
INSERT INTO visual_media (visual_id, code) VALUES (65, '{"type": "youtubevideo", "slug": "YjEKp2UnUn8"}');
INSERT INTO visual_media (visual_id, code) VALUES (65, '{"type": "youtubevideo", "slug": "fKRlTYKWYwA"}');
INSERT INTO visual_media (visual_id, code) VALUES (65, '{"type": "youtubevideo", "slug": "q_XuMDRsIwc"}');
INSERT INTO visual_media (visual_id, code) VALUES (65, '{"type": "youtubevideo", "slug": "awkTjmcHQzc"}');
INSERT INTO visual_media (visual_id, code) VALUES (66, '{"type": "odyseevideo", "slug": "@spartalien:2/total-fucking-madness:8"}');
INSERT INTO visual_media (visual_id, code) VALUES (66, '{"type": "youtubevideo", "slug": "eq_I5Oq603M"}');
INSERT INTO visual_media (visual_id, code) VALUES (67, '{"type": "video", "slug": "./file/visual/20210420-gttlogo-1.2-black-bg.mp4", "attr": [["poster", "./file/preview/visual/67-1-tn.jpg"], ["autoplay", "autoplay"], ["loop", "loop"]]}');
INSERT INTO visual_media (visual_id, code) VALUES (67, '{"type": "video", "slug": "./file/visual/20210420-gttlogo-1-grayscale.mp4", "attr": [["poster", "./file/preview/visual/67-2-tn.jpg"], ["autoplay", "autoplay"], ["loop", "loop"]]}');
INSERT INTO visual_media (visual_id, code) VALUES (67, '{"type": "video", "slug": "./file/visual/20210420-gttlogo-1-bronzeblue.mp4", "attr": [["poster", "./file/preview/visual/67-3-tn.jpg"], ["autoplay", "autoplay"], ["loop", "loop"]]}');
INSERT INTO visual_media (visual_id, code) VALUES (67, '{"type": "video", "slug": "./file/visual/20210420-gttlogo-1-greenpurple.mp4", "attr": [["poster", "./file/preview/visual/67-4-tn.jpg"], ["autoplay", "autoplay"], ["loop", "loop"]]}');
INSERT INTO visual_media (visual_id, code) VALUES (67, '{"type": "video", "slug": "./file/visual/20210420-gttlogo-2-silveryellow.mp4", "attr": [["poster", "./file/preview/visual/67-5-tn.jpg"], ["autoplay", "autoplay"], ["loop", "loop"]]}');
INSERT INTO visual_media (visual_id, code) VALUES (67, '{"type": "video", "slug": "./file/visual/20210420-gttlogo-2-silverblue.mp4", "attr": [["poster", "./file/preview/visual/67-6-tn.jpg"], ["autoplay", "autoplay"], ["loop", "loop"]]}');
INSERT INTO visual_media (visual_id, code) VALUES (67, '{"type": "video", "slug": "./file/visual/20210420-gttlogo-2-silvergreen.mp4", "attr": [["poster", "./file/preview/visual/67-7-tn.jpg"], ["autoplay", "autoplay"], ["loop", "loop"]]}');
INSERT INTO visual_media (visual_id, code) VALUES (67, '{"type": "video", "slug": "./file/visual/20210420-gttlogo-2-silverpurple.mp4", "attr": [["poster", "./file/preview/visual/67-8-tn.jpg"], ["autoplay", "autoplay"], ["loop", "loop"]]}');


INSERT INTO stuff (id, name, description) VALUES (1, 'Radio-Dark-Tunnel Jingles', 'Radio station IDs/jingles made for [Radio-Dark-Tunnel](//radio-dark-tunnel.net).');
INSERT INTO stuff (id, name, description) VALUES (2, 'Track 32/2', 'Just a short tune.');
INSERT INTO stuff (id, name, description) VALUES (3, 'Making of Memoria S9M2, 2358 Limited Edition', 'Get yours [here](./physical/id:2).');
INSERT INTO stuff (id, name, description) VALUES (4, 'GhostTownTunes Voice-Over', 'Livestream voice-over made for [GhostTownTunes](//twitch.tv/ghosttowntunes).');


INSERT INTO stuff_media (stuff_id, code) VALUES (1, '{"type": "audio", "slug": "./file/rdt-jingles/rdt-jingle-1.mp3", "label": "rdt-jingle-1"}');
INSERT INTO stuff_media (stuff_id, code) VALUES (1, '{"type": "audio", "slug": "./file/rdt-jingles/rdt-jingle-2.mp3", "label": "rdt-jingle-2"}');
INSERT INTO stuff_media (stuff_id, code) VALUES (1, '{"type": "audio", "slug": "./file/rdt-jingles/rdt-jingle-3.mp3", "label": "rdt-jingle-3"}');
INSERT INTO stuff_media (stuff_id, code) VALUES (2, '{"type": "audio", "slug": "./file/SPARTALIEN-322.mp3", "label": "SPARTALIEN-322"}');
INSERT INTO stuff_media (stuff_id, code) VALUES (3, '{"type": "youtubevideo", "slug": "eVzQQe1LyoY"}');
INSERT INTO stuff_media (stuff_id, code) VALUES (3, '{"type": "youtubevideo", "slug": "-9iwRLyjK-g"}');
INSERT INTO stuff_media (stuff_id, code) VALUES (3, '{"type": "youtubevideo", "slug": "D_PxOWk6v38"}');
INSERT INTO stuff_media (stuff_id, code) VALUES (3, '{"type": "youtubevideo", "slug": "ZbkqkQ8ZUoI"}');
INSERT INTO stuff_media (stuff_id, code) VALUES (3, '{"type": "youtubevideo", "slug": "PEOKvptSzDs"}');
INSERT INTO stuff_media (stuff_id, code) VALUES (3, '{"type": "youtubevideo", "slug": "43TRzxkP48I"}');
INSERT INTO stuff_media (stuff_id, code) VALUES (3, '{"type": "youtubevideo", "slug": "P4ccQUu8S3U"}');
INSERT INTO stuff_media (stuff_id, code) VALUES (3, '{"type": "youtubevideo", "slug": "XP89XWk1BeA"}');
INSERT INTO stuff_media (stuff_id, code) VALUES (3, '{"type": "youtubevideo", "slug": "wBKZFFxSQb0"}');
INSERT INTO stuff_media (stuff_id, code) VALUES (3, '{"type": "youtubevideo", "slug": "LDlcH_Z7Tfc"}');
INSERT INTO stuff_media (stuff_id, code) VALUES (4, '{"type": "audio", "slug": "./file/gtt-voiceovers/gtt-voiceover-1.mp3", "label": "gtt-voiceover-1"}');
INSERT INTO stuff_media (stuff_id, code) VALUES (4, '{"type": "audio", "slug": "./file/gtt-voiceovers/gtt-voiceover-1-neithernoisenordub.mp3", "label": "gtt-voiceover-1-neithernoisenordub"}');
INSERT INTO stuff_media (stuff_id, code) VALUES (4, '{"type": "audio", "slug": "./file/gtt-voiceovers/gtt-voiceover-1-nonoise.mp3", "label": "gtt-voiceover-1-nonoise"}');


INSERT INTO news (id, pub_date) VALUES (1, '2016-03-24');
INSERT INTO news (id, pub_date) VALUES (2, '2016-10-13');
INSERT INTO news (id, pub_date) VALUES (3, '2017-03-13');
INSERT INTO news (id, pub_date) VALUES (4, '2017-06-18');
INSERT INTO news (id, pub_date) VALUES (5, '2017-06-20');
INSERT INTO news (id, pub_date) VALUES (6, '2017-07-03');
INSERT INTO news (id, pub_date) VALUES (7, '2017-07-15');
INSERT INTO news (id, pub_date) VALUES (8, '2017-08-01');
INSERT INTO news (id, pub_date) VALUES (9, '2017-08-10');
INSERT INTO news (id, pub_date) VALUES (10, '2017-08-25');
INSERT INTO news (id, pub_date) VALUES (11, '2017-09-22');
INSERT INTO news (id, pub_date) VALUES (12, '2017-10-22');
INSERT INTO news (id, pub_date) VALUES (13, '2018-02-27');
INSERT INTO news (id, pub_date) VALUES (14, '2018-04-13');
INSERT INTO news (id, pub_date) VALUES (15, '2018-06-07');
INSERT INTO news (id, pub_date) VALUES (16, '2018-08-13');
INSERT INTO news (id, pub_date) VALUES (17, '2018-08-31');
INSERT INTO news (id, pub_date) VALUES (18, '2019-03-13');
INSERT INTO news (id, pub_date) VALUES (19, '2019-03-29');
INSERT INTO news (id, pub_date) VALUES (20, '2019-06-09');
INSERT INTO news (id, pub_date) VALUES (21, '2019-06-13');
INSERT INTO news (id, pub_date) VALUES (22, '2019-07-02');
INSERT INTO news (id, pub_date) VALUES (23, '2019-07-07');
INSERT INTO news (id, pub_date) VALUES (24, '2019-07-12');
INSERT INTO news (id, pub_date) VALUES (25, '2019-07-20');
INSERT INTO news (id, pub_date) VALUES (26, '2019-08-13');
INSERT INTO news (id, pub_date) VALUES (27, '2019-08-15');
INSERT INTO news (id, pub_date) VALUES (28, '2019-12-12');
INSERT INTO news (id, pub_date) VALUES (29, '2019-12-13');
INSERT INTO news (id, pub_date) VALUES (30, '2019-12-23');
INSERT INTO news (id, pub_date) VALUES (31, '2019-12-28');
INSERT INTO news (id, pub_date) VALUES (32, '2020-01-20');
INSERT INTO news (id, pub_date) VALUES (33, '2020-01-22');
INSERT INTO news (id, pub_date) VALUES (34, '2020-02-13');
INSERT INTO news (id, pub_date) VALUES (35, '2020-04-23');
INSERT INTO news (id, pub_date) VALUES (36, '2020-06-26');
INSERT INTO news (id, pub_date) VALUES (37, '2020-07-06');
INSERT INTO news (id, pub_date) VALUES (38, '2020-07-13');
INSERT INTO news (id, pub_date) VALUES (39, '2020-07-22');
INSERT INTO news (id, pub_date) VALUES (40, '2020-08-26');
INSERT INTO news (id, pub_date) VALUES (41, '2020-09-03');
INSERT INTO news (id, pub_date) VALUES (42, '2020-09-08');
INSERT INTO news (id, pub_date) VALUES (43, '2020-10-11');
INSERT INTO news (id, pub_date) VALUES (44, '2020-12-13');
INSERT INTO news (id, pub_date) VALUES (45, '2021-01-01');
INSERT INTO news (id, pub_date) VALUES (46, '2021-01-13');
INSERT INTO news (id, pub_date) VALUES (47, '2021-03-19');
INSERT INTO news (id, pub_date) VALUES (48, '2021-03-22');
INSERT INTO news (id, pub_date) VALUES (49, '2021-05-07');
INSERT INTO news (id, pub_date) VALUES (50, '2021-06-07');
INSERT INTO news (id, pub_date) VALUES (51, '2021-08-13');
INSERT INTO news (id, pub_date) VALUES (52, '2021-08-31');
INSERT INTO news (id, pub_date) VALUES (53, '2021-09-22');
INSERT INTO news (id, pub_date) VALUES (54, '2022-08-19');
INSERT INTO news (id, pub_date) VALUES (55, '2021-04-10');
INSERT INTO news (id, pub_date) VALUES (56, '2020-11-18');
INSERT INTO news (id, pub_date) VALUES (57, '2020-11-29');
INSERT INTO news (id, pub_date) VALUES (58, '2022-03-27');
INSERT INTO news (id, pub_date) VALUES (59, '2022-03-06');
INSERT INTO news (id, pub_date) VALUES (60, '2022-03-03');
INSERT INTO news (id, pub_date) VALUES (61, '2022-04-20');
INSERT INTO news (id, pub_date) VALUES (62, '2022-11-18');
INSERT INTO news (id, pub_date) VALUES (63, '2022-11-23');
INSERT INTO news (id, pub_date) VALUES (64, '2022-12-04');
INSERT INTO news (id, pub_date) VALUES (65, '2023-04-21');
INSERT INTO news (id, pub_date) VALUES (66, '2023-06-17');
INSERT INTO news (id, pub_date) VALUES (67, '2023-07-13');
INSERT INTO news (id, pub_date) VALUES (68, '2023-07-15');
INSERT INTO news (id, pub_date) VALUES (69, '2023-05-27');
INSERT INTO news (id, pub_date) VALUES (70, '2023-08-20');


INSERT INTO news_text (news_id, text) VALUES (1, 'New music: [Continuoduction](./music/id:1)');
INSERT INTO news_text (news_id, text) VALUES (2, 'New music: [I''ll Embrace You Again In Space](./music/id:2)');
INSERT INTO news_text (news_id, text) VALUES (3, 'New music: [Realize It''s Just A Ride](./music/id:3)');
INSERT INTO news_text (news_id, text) VALUES (4, 'New music: [Nature''s Song](./music/id:4)');
INSERT INTO news_text (news_id, text) VALUES (5, 'New music: [Following The Calling](./music/id:5)');
INSERT INTO news_text (news_id, text) VALUES (6, 'New music: [Digging In Memories](./music/id:6)');
INSERT INTO news_text (news_id, text) VALUES (7, 'New music: [Heat-Resistant](./music/id:7)');
INSERT INTO news_text (news_id, text) VALUES (8, 'spartalien.com goes online.');
INSERT INTO news_text (news_id, text) VALUES (9, 'New music: [Song For Wind](./music/id:8)');
INSERT INTO news_text (news_id, text) VALUES (10, 'New music: [Messaggio Per Naelog](./music/id:9)');
INSERT INTO news_text (news_id, text) VALUES (11, 'New music: [Martina](./music/id:10)');
INSERT INTO news_text (news_id, text) VALUES (12, 'New music: [Time](./music/id:11)');
INSERT INTO news_text (news_id, text) VALUES (13, 'New music: [Every Day](./music/id:12)');
INSERT INTO news_text (news_id, text) VALUES (14, 'New music: [MONOLOG](./music/id:13)');
INSERT INTO news_text (news_id, text) VALUES (15, 'New merchandise: [Artefact S9M1, MONOLOG Limited Edition](./physical/id:1)');
INSERT INTO news_text (news_id, text) VALUES (16, 'New music: [Searching](./music/id:14)');
INSERT INTO news_text (news_id, text) VALUES (17, 'New music: [THE GREAT FILTER](./music/id:15)');
INSERT INTO news_text (news_id, text) VALUES (18, 'New music: [2358](./music/id:16)');
INSERT INTO news_text (news_id, text) VALUES (19, 'New music: [Frozen Memories](./music/id:17)');
INSERT INTO news_text (news_id, text) VALUES (19, 'Mentioned on: [Bento Box, Vol. 2](./mention/id:7)');
INSERT INTO news_text (news_id, text) VALUES (20, 'New music: [BRAIN I/O](./music/id:18)');
INSERT INTO news_text (news_id, text) VALUES (21, 'New music: [Brain I/O #2](./music/id:18)');
INSERT INTO news_text (news_id, text) VALUES (22, 'New music: [Brain I/O #3](./music/id:18)');
INSERT INTO news_text (news_id, text) VALUES (23, 'New music: [They Shot My Friend](./music/id:19)');
INSERT INTO news_text (news_id, text) VALUES (23, 'New music: [The Sad Lightness Of Being](./music/id:20)');
INSERT INTO news_text (news_id, text) VALUES (23, 'Mentioned on: [the fencepost reclamation project volume 5](./mention/id:8)');
INSERT INTO news_text (news_id, text) VALUES (24, 'New music: [Brain I/O #4](./music/id:18)');
INSERT INTO news_text (news_id, text) VALUES (25, 'New music: [Brain I/O #5](./music/id:18)');
INSERT INTO news_text (news_id, text) VALUES (26, 'New merchandise: [Memoria S9M2, 2358 Limited Edition](./physical/id:2)');
INSERT INTO news_text (news_id, text) VALUES (27, 'New music: [Brain I/O #6](./music/id:18)');
INSERT INTO news_text (news_id, text) VALUES (28, 'New music: [Brain I/O #7](./music/id:18)');
INSERT INTO news_text (news_id, text) VALUES (29, 'New music: [KEEN](./music/id:21)');
INSERT INTO news_text (news_id, text) VALUES (30, 'New music: [SPARTALIEN & Esblendet - Rainbows & Unicorns](./music/id:22)');
INSERT INTO news_text (news_id, text) VALUES (31, 'New music: [Brain I/O #8](./music/id:18)');
INSERT INTO news_text (news_id, text) VALUES (32, 'New logo!');
INSERT INTO news_text (news_id, text) VALUES (33, 'New Wallpapers');
INSERT INTO news_text (news_id, text) VALUES (34, 'New music: [Let It All Go, Volume 1](./music/id:23)');
INSERT INTO news_text (news_id, text) VALUES (35, 'New music: [Brain I/O #9](./music/id:18)');
INSERT INTO news_text (news_id, text) VALUES (36, 'New music: [1996](./music/id:24)');
INSERT INTO news_text (news_id, text) VALUES (37, 'New merchandise: [Logo T-Shirt, S9M3](./physical/id:3)');
INSERT INTO news_text (news_id, text) VALUES (38, 'New music: [Brain I/O #10](./music/id:18)');
INSERT INTO news_text (news_id, text) VALUES (39, 'New merchandise: [Logo Sticker, S9M4](./physical/id:4)');
INSERT INTO news_text (news_id, text) VALUES (40, 'My music will soon disappear from all streaming/download platforms for roughly 2-3 weeks. It will be then re-uploaded again - and should automagically reappear in your playlists and libraries. If you''re missing anything after this timeframe, let me know. In the meantime you can always stream/purchase everything through my [website](//spartalien.com) or [Bandcamp page](//spartalien.bandcamp.com).');
INSERT INTO news_text (news_id, text) VALUES (41, 'New music: [Let It All Go, Volume 2](./music/id:25)');
INSERT INTO news_text (news_id, text) VALUES (42, 'New sample pack: [S9SP1 - 2358 Sample Pack](./tool)');
INSERT INTO news_text (news_id, text) VALUES (43, 'The music is back on Spotify and other platforms.');
INSERT INTO news_text (news_id, text) VALUES (43, 'Updated the website.');
INSERT INTO news_text (news_id, text) VALUES (44, 'New compilation: [CHILL TRACKS 2016-2020](./music/id:26)');
INSERT INTO news_text (news_id, text) VALUES (45, 'New music: [FLOATING HIGH](./music/id:27)');
INSERT INTO news_text (news_id, text) VALUES (45, 'New merchandise: [Memory S9M5, FLOATING HIGH Limited Edition CD-R](./physical/id:5)');
INSERT INTO news_text (news_id, text) VALUES (45, 'New merchandise: [Memory S9M6, FLOATING HIGH Limited Edition USB-Stick](./physical/id:6)');
INSERT INTO news_text (news_id, text) VALUES (46, 'New sample pack: [S9SP2 - Trip Construction Kit 1](./tool)');
INSERT INTO news_text (news_id, text) VALUES (47, 'New page: [visual](./visual)');
INSERT INTO news_text (news_id, text) VALUES (48, 'Mentioned on: [Shikantaza Creativity Interview](./mention/id:3)');
INSERT INTO news_text (news_id, text) VALUES (49, 'New music: [Uncertain](./music/id:28)');
INSERT INTO news_text (news_id, text) VALUES (50, 'New music: [THE BAND WITH THE DRUMMER WHO KNEW ONLY ONE RHYTHM](./music/id:29)');
INSERT INTO news_text (news_id, text) VALUES (51, 'New music: [Flux](./music/id:30)');
INSERT INTO news_text (news_id, text) VALUES (52, 'New music: [ediblewaves - Haphe (SPARTALIEN''s Wicca Remix)](./music/id:31)');
INSERT INTO news_text (news_id, text) VALUES (53, 'New music: [UNTOLD STORIES](./music/id:32)');
INSERT INTO news_text (news_id, text) VALUES (53, 'New music: [UNTOLD STORIES (Doomer''s Delight)](./music/id:33)');
INSERT INTO news_text (news_id, text) VALUES (54, 'Mentioned on: [SFTS: The Backrooms Comp](./mention/id:9)');
INSERT INTO news_text (news_id, text) VALUES (55, 'Mentioned on: [ediblewaves'' YouTube Channel](./mention/id:4)');
INSERT INTO news_text (news_id, text) VALUES (56, 'Mentioned on: [MighTV](./mention/id:1)');
INSERT INTO news_text (news_id, text) VALUES (57, 'Mentioned on: [MighTV](./mention/id:2)');
INSERT INTO news_text (news_id, text) VALUES (58, 'Mentioned on: [Resonate on CAMP Radio 2022-03-27](./mention/id:6)');
INSERT INTO news_text (news_id, text) VALUES (59, 'Mentioned on: [Spooky Kitten Records'' WHiTMiRE Reviews Music: Episode 26](./mention/id:5)');
INSERT INTO news_text (news_id, text) VALUES (60, 'Mentioned on: [Martina''s "The Only Way Is Up" Spotify Playlist](./mention/id:10)');
INSERT INTO news_text (news_id, text) VALUES (61, 'Mentioned on: [Martina''s "Add Some Music To Your Day" Spotify Playlist](./mention/id:11)');
INSERT INTO news_text (news_id, text) VALUES (62, 'Mentioned on: [SFTS: Experimental Ambient Compilation](./mention/id:12)');
INSERT INTO news_text (news_id, text) VALUES (63, 'New music: [OKAY, BUT CAN YOU RAP TO THIS?](./music/id:34)');
INSERT INTO news_text (news_id, text) VALUES (64, 'Mentioned on: [Resonate on CAMP Radio 2022-12-04](./mention/id:13)');
INSERT INTO news_text (news_id, text) VALUES (65, 'New music: [WARM SUMMER EVENING](./music/id:35)');
INSERT INTO news_text (news_id, text) VALUES (66, 'New music: [THE DYING SPACESHIP SYMPHONY](./music/id:36)');
INSERT INTO news_text (news_id, text) VALUES (67, 'New music: [Yellow Soul Grinder](./music/id:37)');
INSERT INTO news_text (news_id, text) VALUES (68, 'Mentioned on: [SFTS: The Backrooms Comp : Level 2](./mention/id:14)');
INSERT INTO news_text (news_id, text) VALUES (69, 'Mentioned on: [Spooky Kitten Records'' WHiTMiRE Reviews Music: Episode 76](./mention/id:15)');
INSERT INTO news_text (news_id, text) VALUES (70, 'New music: [arT2 - Sound.Ex 1](./music/id:38). Just a back catalog release for completeness.');


INSERT INTO mention (id, subject, year, description) VALUES (1, 'Live on MighTV 2020-11-18', '2020', 'The [Might](//might.digital) crew invited me to create some music on their livestream.');
INSERT INTO mention (id, subject, year, description) VALUES (2, 'Live on MighTV 2020-11-29', '2020', 'The [Might](//might.digital) crew invited me to create some music on their livestream.');
INSERT INTO mention (id, subject, year, description) VALUES (3, 'Shikantaza Creativity Interview', '2021', '[Shikantaza Art](//shikantaza.cyberpunkonline.net) asked me to answer some questions.');
INSERT INTO mention (id, subject, year, description) VALUES (4, 'ediblewaves'' YouTube Channel', '2021', 'ediblewaves *aka* Klangachse invited me to hang out on his livestream.' || CHAR(10) || 'Also check out his [Bandcamp page](//ediblewaves.bandcamp.com) and [YouTube channel](//www.youtube.com/@ediblewaves8027).' || CHAR(10, 10) || 'Starts at: 0:24:04');
INSERT INTO mention (id, subject, year, description) VALUES (5, 'Spooky Kitten Records'' WHiTMiRE Reviews Music: Episode 26', '2022', '[Michael Whitmire](//www.youtube.com/@SpookyKittenRecords) played [Flux (feat. Stevie Lee Price)](./catalog/track:97) on his music review show.' || CHAR(10, 10) || 'Starts at: 1:46:27');
INSERT INTO mention (id, subject, year, description) VALUES (6, 'Resonate on CAMP Radio 2022-03-27', '2022', '[The Argent Grub](//theargentgrub.co.uk) included [Rainbows & Unicorns](./catalog/track:58) in the Resonate playlist.');
INSERT INTO mention (id, subject, year, description) VALUES (7, 'Bento Box, Vol. 2', '2019', 'A second delicious dose of Kaiseki Digital for your enjoyment.' || CHAR(10, 10) || 'Released 2019-03-29 on [Kaiseki Digital](//kaisekidigital.bandcamp.com).' || CHAR(10, 10) || 'I contributed track 1.');
INSERT INTO mention (id, subject, year, description) VALUES (8, 'the fencepost reclamation project volume 5', '2019', 'This is the fifth volume of an open-ended remix project of Fencepost material originally released by Evelyn Records in 2002.' || CHAR(10, 10) || 'Released 2018-10-24 on [<1](//lessthanone.bandcamp.com).' || CHAR(10, 10) || 'I contributed track 116 + 117.');
INSERT INTO mention (id, subject, year, description) VALUES (9, 'SFTS: The Backrooms Comp', '2022', '"If you''re not careful and you noclip out of reality in the wrong areas, you''ll end up in the Backrooms, where it''s nothing but the stink of old moist carpet, the madness of mono-yellow, the endless background noise of fluorescent lights at maximum hum-buzz, and approximately six hundred million square miles of randomly segmented empty rooms to be trapped in. God save you if you hear something wandering around nearby, because it sure as hell has heard you."' || CHAR(10, 10) || 'Based on a concept created by 4chan, 35 artists took part in this compilation to make the listener feel as if they are experiencing the never-ending dimensions of the backrooms.' || CHAR(10, 10) || 'Released 2022-08-19 on [Sounds for the Soul Records](//soundsforthesoul.bandcamp.com).' || CHAR(10, 10) || 'I contributed track 5.');
INSERT INTO mention (id, subject, year, description) VALUES (10, 'Martina''s "The Only Way Is Up" Spotify Playlist', '2022', 'Martina creates weekly playlists. You can find more playlists on her [Spotify profile](//open.spotify.com/user/m0o63p2xyamfpkw2xg4mw26nc).' || CHAR(10, 10) || 'I contributed track 2.');
INSERT INTO mention (id, subject, year, description) VALUES (11, 'Martina''s "Add Some Music To Your Day" Spotify Playlist', '2022', 'Martina creates weekly playlists. You can find more playlists on her [Spotify profile](//open.spotify.com/user/m0o63p2xyamfpkw2xg4mw26nc).' || CHAR(10, 10) || 'I contributed track 1.');
INSERT INTO mention (id, subject, year, description) VALUES (12, 'SFTS: Experimental Ambient Compilation', '2022', 'Another fine compilation from Sounds for the Soul Records. This time exploring experimental ambient.' || CHAR(10, 10) || 'Released 2022-11-18 on [Sounds for the Soul Records](//soundsforthesoul.bandcamp.com).' || CHAR(10, 10) || 'I contributed track 7.');
INSERT INTO mention (id, subject, year, description) VALUES (13, 'Resonate on CAMP Radio 2022-12-04', '2022', '[The Argent Grub](//theargentgrub.co.uk) included [Flux (feat. Stevie Lee Price)](./catalog/track:97) in the Resonate playlist.');
INSERT INTO mention (id, subject, year, description) VALUES (14, 'SFTS: The Backrooms Comp : Level 2', '2022', '"Enter into another level of the endless labyrinth."' || CHAR(10, 10) || 'Released 2023-07-15 on [Sounds for the Soul Records](//soundsforthesoul.bandcamp.com).' || CHAR(10, 10) || 'I contributed track 36.');
INSERT INTO mention (id, subject, year, description) VALUES (15, 'Spooky Kitten Records'' WHiTMiRE Reviews Music: Episode 76', '2023', '[Michael Whitmire](//www.youtube.com/@SpookyKittenRecords) played [Biting Wind](./catalog/track:154) on his music review show.' || CHAR(10, 10) || 'Starts at: 0:28:26');


INSERT INTO mention_media (mention_id, code) VALUES (1, '{"type": "youtubevideo", "slug": "XWlvvSPq9E8"}');
INSERT INTO mention_media (mention_id, code) VALUES (2, '{"type": "youtubevideo", "slug": "TTJBrAWgoNA"}');
INSERT INTO mention_media (mention_id, code) VALUES (3, '{"type": "link", "slug": "./file/shikantaza-creativity-interview-iii-spartalien.html", "text": "Shikantaza Creativity Interview III", "target": "_blank"}');
INSERT INTO mention_media (mention_id, code) VALUES (4, '{"type": "youtubevideo", "slug": "syK2wY3uTpk", "start": 1444}');
INSERT INTO mention_media (mention_id, code) VALUES (5, '{"type": "youtubevideo", "slug": "UsBWgNRUCyM", "start": 6387}');
INSERT INTO mention_media (mention_id, code) VALUES (6, '{"type": "mixcloudshow", "slug": "camp_fr/resonate-27th-march-2022"}');
INSERT INTO mention_media (mention_id, code) VALUES (6, '{"type": "link", "slug": "//stream.resonate.coop/u/18562/playlist/resonate-2022-03-27-camp-radio", "text": "Playlist on resonate.coop"}');
INSERT INTO mention_media (mention_id, code) VALUES (7, '{"type": "link", "slug": "//kaisekidigital.bandcamp.com/album/bento-box-vol-2-2?action=buy", "text": "BUY"}');
INSERT INTO mention_media (mention_id, code) VALUES (7, '{"type": "image", "slug": "./file/compilation/kaiseki-digital-bento-box-2.jpg"}');
INSERT INTO mention_media (mention_id, code) VALUES (7, '{"type": "bandcampalbum", "slug": "1720724288", "trackcount": 17}');
INSERT INTO mention_media (mention_id, code) VALUES (8, '{"type": "link", "slug": "//lessthanone.bandcamp.com/album/the-fencepost-reclamation-project-volume-5?action=buy", "text": "BUY"}');
INSERT INTO mention_media (mention_id, code) VALUES (8, '{"type": "image", "slug": "./file/compilation/lessthanone-fencepost-reclamation-5.jpg"}');
INSERT INTO mention_media (mention_id, code) VALUES (8, '{"type": "bandcampalbum", "slug": "692713614", "trackcount": 141}');
INSERT INTO mention_media (mention_id, code) VALUES (9, '{"type": "link", "slug": "//soundsforthesoul.bandcamp.com/album/sfts-the-backrooms-comp?action=buy", "text": "BUY"}');
INSERT INTO mention_media (mention_id, code) VALUES (9, '{"type": "image", "slug": "./file/compilation/soundsforthesoul-the-backrooms-comp.jpg"}');
INSERT INTO mention_media (mention_id, code) VALUES (9, '{"type": "bandcampalbum", "slug": "1319476427", "trackcount": 35}');
INSERT INTO mention_media (mention_id, code) VALUES (10, '{"type": "spotifyplaylist", "slug": "76N7Pb1bVUtnUNQY7WaoQv", "trackcount": 15}');
INSERT INTO mention_media (mention_id, code) VALUES (11, '{"type": "spotifyplaylist", "slug": "2ZMHB9cATYVoCfJNq1XgFa", "trackcount": 13}');
INSERT INTO mention_media (mention_id, code) VALUES (12, '{"type": "link", "slug": "//soundsforthesoul.bandcamp.com/album/sfts-experimental-ambient-compilation?action=buy", "text": "BUY"}');
INSERT INTO mention_media (mention_id, code) VALUES (12, '{"type": "image", "slug": "./file/compilation/soundsforthesoul-experimental-ambient-comp.jpg"}');
INSERT INTO mention_media (mention_id, code) VALUES (12, '{"type": "bandcampalbum", "slug": "3359373587", "trackcount": 39}');
INSERT INTO mention_media (mention_id, code) VALUES (13, '{"type": "mixcloudshow", "slug": "camp_fr/resonate-04th-december-2022"}');
INSERT INTO mention_media (mention_id, code) VALUES (13, '{"type": "link", "slug": "//stream.resonate.coop/u/18562/playlist/2022-12-04-resonate-on-camp-radio", "text": "Playlist on resonate.coop"}');
INSERT INTO mention_media (mention_id, code) VALUES (14, '{"type": "link", "slug": "//soundsforthesoul.bandcamp.com/album/sfts-the-backrooms-comp-level-2?action=buy", "text": "BUY"}');
INSERT INTO mention_media (mention_id, code) VALUES (14, '{"type": "image", "slug": "./file/compilation/soundsforthesoul-the-backrooms-comp-level-2.jpg"}');
INSERT INTO mention_media (mention_id, code) VALUES (14, '{"type": "bandcampalbum", "slug": "78435677", "trackcount": 43}');
INSERT INTO mention_media (mention_id, code) VALUES (15, '{"type": "youtubevideo", "slug": "4cGDNeS81lg", "start": 1706}');


INSERT INTO exit (id, text, url, description) VALUES (1, 'Conservation Drones', '//conservationdrones.org', NULL);
INSERT INTO exit (id, text, url, description) VALUES (2, 'Earthship Biotecture', '//earthshipglobal.com', NULL);
INSERT INTO exit (id, text, url, description) VALUES (3, 'Four Paws', '//four-paws.org', NULL);
INSERT INTO exit (id, text, url, description) VALUES (4, 'Music Declares Emergency', '//musicdeclares.net', NULL);
INSERT INTO exit (id, text, url, description) VALUES (5, 'Pestalozzi Children''s Foundation', '//pestalozzi.ch', NULL);
INSERT INTO exit (id, text, url, description) VALUES (6, 'Schweizerische Tiermeldezentrale', '//stmz.ch', NULL);
INSERT INTO exit (id, text, url, description) VALUES (7, 'Internet Archive', '//archive.org', NULL);
INSERT INTO exit (id, text, url, description) VALUES (8, '<1', '//lessthanone.bandcamp.com', NULL);
INSERT INTO exit (id, text, url, description) VALUES (9, 'Angel Ruediger', '//open.spotify.com/artist/3Xp2zhqhMeT9j9bNIeyZWU', NULL);
INSERT INTO exit (id, text, url, description) VALUES (10, 'Cyber Shaman', '//cyber-shaman.bandcamp.com', NULL);
INSERT INTO exit (id, text, url, description) VALUES (11, 'DepthCruiser', '//www.depthcruiser.com', NULL);
INSERT INTO exit (id, text, url, description) VALUES (12, 'Dorian Iten', '//dorian-iten.com', NULL);
INSERT INTO exit (id, text, url, description) VALUES (13, 'HOLLOWLOVE', '//hollowlove.com', NULL);
INSERT INTO exit (id, text, url, description) VALUES (14, 'Lens', '//lensmakesart.com', NULL);
INSERT INTO exit (id, text, url, description) VALUES (15, 'melodywhore', '//melodywhore.com', NULL);
INSERT INTO exit (id, text, url, description) VALUES (16, 'Plike', '//plike.bandcamp.com', NULL);
INSERT INTO exit (id, text, url, description) VALUES (17, 'Radio Dark Tunnel', '//radio-dark-tunnel.net', NULL);
INSERT INTO exit (id, text, url, description) VALUES (18, 'Sara Jayne Crow', '//straypoodle.wordpress.com', NULL);
INSERT INTO exit (id, text, url, description) VALUES (19, 'Tengushee', '//tengushee.com', NULL);
INSERT INTO exit (id, text, url, description) VALUES (20, 'Submarine Broadcasting Company', '//submarinebroadcastingco.bandcamp.com', NULL);
INSERT INTO exit (id, text, url, description) VALUES (21, 'Minimal_Drone*GRL', '//minimaldronegrl.bandcamp.com', NULL);
INSERT INTO exit (id, text, url, description) VALUES (22, 'ediblewaves', '//ediblewaves.bandcamp.com', NULL);
INSERT INTO exit (id, text, url, description) VALUES (23, 'Shikantaza Art', '//shikantaza.cyberpunkonline.net', NULL);
INSERT INTO exit (id, text, url, description) VALUES (24, 'Occupy White Walls', '//www.oww.io', NULL);
INSERT INTO exit (id, text, url, description) VALUES (25, 'The Creative Passport', '//www.creativepassport.net', NULL);
INSERT INTO exit (id, text, url, description) VALUES (26, 'GhostTownTunes', '//twitch.tv/ghosttowntunes', NULL);
INSERT INTO exit (id, text, url, description) VALUES (27, 'DJOZeroO', '//twitch.tv/djozeroo', NULL);
INSERT INTO exit (id, text, url, description) VALUES (28, 'cruelcoppinger', '//cruelcoppinger.tumblr.com', NULL);
INSERT INTO exit (id, text, url, description) VALUES (29, 'Stevie Lee Price', '//twitter.com/STEVIELEEPRICE', NULL);
INSERT INTO exit (id, text, url, description) VALUES (30, 'Kaiseki Digital', '//kaisekidigital.bandcamp.com', NULL);
INSERT INTO exit (id, text, url, description) VALUES (31, 'ayefelon', '//ayefelon.bandcamp.com', NULL);
INSERT INTO exit (id, text, url, description) VALUES (32, 'Sounds for the Soul Records', '//soundsforthesoul.bandcamp.com', NULL);
INSERT INTO exit (id, text, url, description) VALUES (33, 'Martina''s Spotify Playlists', '//open.spotify.com/user/m0o63p2xyamfpkw2xg4mw26nc/playlists', NULL);
INSERT INTO exit (id, text, url, description) VALUES (34, 'Mind Of La E', '//mindoflae.com', NULL);
INSERT INTO exit (id, text, url, description) VALUES (35, 'Resonate', '//resonate.coop', NULL);
INSERT INTO exit (id, text, url, description) VALUES (36, 'The Argent Grub', '//theargentgrub.co.uk', NULL);
INSERT INTO exit (id, text, url, description) VALUES (37, 'CAMP', '//www.campfr.com', NULL);
INSERT INTO exit (id, text, url, description) VALUES (38, 'Orochi Hanma', '//www.twitch.tv/orochihanma', NULL);
INSERT INTO exit (id, text, url, description) VALUES (39, 'SomaFM', '//somafm.com', NULL);
INSERT INTO exit (id, text, url, description) VALUES (40, 'Scotopia', '//scotopia.co.uk', NULL);
INSERT INTO exit (id, text, url, description) VALUES (41, 'scene.org File Archive', '//files.scene.org', NULL);
INSERT INTO exit (id, text, url, description) VALUES (42, 'MusiX', '//www.musix.com', NULL);
INSERT INTO exit (id, text, url, description) VALUES (43, 'House of Sound', '//www.houseofsound.ch', NULL);
INSERT INTO exit (id, text, url, description) VALUES (44, 'MP3TAG', '//mp3tag.de', NULL);
INSERT INTO exit (id, text, url, description) VALUES (45, 'Foobar2000', '//foobar2000.org', NULL);
INSERT INTO exit (id, text, url, description) VALUES (46, 'iMusician', '//imusician.app/signup?referral_token=Lriyz1h7DIHUCK1I', NULL);
INSERT INTO exit (id, text, url, description) VALUES (47, 'Spooky Kitten Records', '//www.youtube.com/@SpookyKittenRecords', NULL);
INSERT INTO exit (id, text, url, description) VALUES (48, 'Volume Control for Bandcamp', '//addons.mozilla.org/firefox/addon/bandcamp-player-volume-control', NULL);


INSERT INTO p420_session(num, pub_date, runtime, mixcloud_key) VALUES (1, '2021-05-04', 10370, NULL);
INSERT INTO p420_session(num, pub_date, runtime, mixcloud_key) VALUES (2, '2021-05-06', 10371, 'lowtechman/planet-4202');
INSERT INTO p420_session(num, pub_date, runtime, mixcloud_key) VALUES (3, '2021-05-09', 13173, 'lowtechman/planet-4203');
INSERT INTO p420_session(num, pub_date, runtime, mixcloud_key) VALUES (4, '2021-05-12', 8590, 'lowtechman/planet-4204');
INSERT INTO p420_session(num, pub_date, runtime, mixcloud_key) VALUES (5, '2021-05-16', 7898, 'lowtechman/planet-4205');
INSERT INTO p420_session(num, pub_date, runtime, mixcloud_key) VALUES (6, '2021-05-19', 7528, 'lowtechman/planet-4206');
INSERT INTO p420_session(num, pub_date, runtime, mixcloud_key) VALUES (7, '2021-05-26', 10824, 'lowtechman/planet-4207');
INSERT INTO p420_session(num, pub_date, runtime, mixcloud_key) VALUES (8, '2021-05-30', 6304, 'lowtechman/planet-4208');
INSERT INTO p420_session(num, pub_date, runtime, mixcloud_key) VALUES (9, '2021-06-02', 8422, 'lowtechman/planet-4209');
INSERT INTO p420_session(num, pub_date, runtime, mixcloud_key) VALUES (10, '2021-06-06', 7836, 'lowtechman/planet-42010');
INSERT INTO p420_session(num, pub_date, runtime, mixcloud_key) VALUES (11, '2021-06-09', 7583, 'lowtechman/planet-42011');
INSERT INTO p420_session(num, pub_date, runtime, mixcloud_key) VALUES (12, '2021-06-13', 7956, 'lowtechman/planet-42012');
INSERT INTO p420_session(num, pub_date, runtime, mixcloud_key) VALUES (13, '2021-06-16', 7522, 'lowtechman/planet-42013');
INSERT INTO p420_session(num, pub_date, runtime, mixcloud_key) VALUES (14, '2021-06-20', 5810, 'lowtechman/planet-42014');
INSERT INTO p420_session(num, pub_date, runtime, mixcloud_key) VALUES (15, '2021-06-23', 11068, 'lowtechman/planet-42015');
INSERT INTO p420_session(num, pub_date, runtime, mixcloud_key) VALUES (16, '2021-06-27', 7360, 'lowtechman/planet-42016');
INSERT INTO p420_session(num, pub_date, runtime, mixcloud_key) VALUES (17, '2021-06-30', 5762, 'lowtechman/planet-42017');
INSERT INTO p420_session(num, pub_date, runtime, mixcloud_key) VALUES (18, '2021-07-04', 9140, 'lowtechman/planet-42018');
INSERT INTO p420_session(num, pub_date, runtime, mixcloud_key) VALUES (19, '2021-07-07', 11222, 'lowtechman/planet-42019');
INSERT INTO p420_session(num, pub_date, runtime, mixcloud_key) VALUES (20, '2021-07-11', 7042, 'lowtechman/planet-42020');
INSERT INTO p420_session(num, pub_date, runtime, mixcloud_key) VALUES (21, '2021-07-18', 6752, 'lowtechman/planet-42021');
INSERT INTO p420_session(num, pub_date, runtime, mixcloud_key) VALUES (22, '2021-07-25', 5115, 'lowtechman/planet-42022');
INSERT INTO p420_session(num, pub_date, runtime, mixcloud_key) VALUES (23, '2021-08-01', 6950, 'lowtechman/planet-42023');
INSERT INTO p420_session(num, pub_date, runtime, mixcloud_key) VALUES (24, '2021-08-08', 6318, 'lowtechman/planet-42024');
INSERT INTO p420_session(num, pub_date, runtime, mixcloud_key) VALUES (25, '2021-08-15', 5492, 'lowtechman/planet-42025');
INSERT INTO p420_session(num, pub_date, runtime, mixcloud_key) VALUES (26, '2021-08-22', 7522, 'lowtechman/planet-42026');
INSERT INTO p420_session(num, pub_date, runtime, mixcloud_key) VALUES (27, '2021-08-29', 5644, 'lowtechman/planet-42027');
INSERT INTO p420_session(num, pub_date, runtime, mixcloud_key) VALUES (28, '2021-09-05', 8148, 'lowtechman/planet-42028');
INSERT INTO p420_session(num, pub_date, runtime, mixcloud_key) VALUES (29, '2021-09-12', 6762, 'lowtechman/planet-42029');
INSERT INTO p420_session(num, pub_date, runtime, mixcloud_key) VALUES (30, '2021-09-19', 6018, 'lowtechman/planet-42030');
INSERT INTO p420_session(num, pub_date, runtime, mixcloud_key) VALUES (31, '2021-09-26', 6090, 'lowtechman/planet-42031');
INSERT INTO p420_session(num, pub_date, runtime, mixcloud_key) VALUES (32, '2021-10-03', 6236, 'lowtechman/planet-42032');
INSERT INTO p420_session(num, pub_date, runtime, mixcloud_key) VALUES (33, '2021-10-10', 8912, 'lowtechman/planet-42033');
INSERT INTO p420_session(num, pub_date, runtime, mixcloud_key) VALUES (34, '2022-03-15', 4106, 'lowtechman/planet-42034');
INSERT INTO p420_session(num, pub_date, runtime, mixcloud_key) VALUES (35, '2022-03-22', 3483, 'lowtechman/planet-42035');
INSERT INTO p420_session(num, pub_date, runtime, mixcloud_key) VALUES (36, '2022-04-05', 3686, 'lowtechman/planet-42036');
INSERT INTO p420_session(num, pub_date, runtime, mixcloud_key) VALUES (37, '2022-04-17', 3552, 'lowtechman/planet-42037');
INSERT INTO p420_session(num, pub_date, runtime, mixcloud_key) VALUES (38, '2022-05-05', 4866, 'lowtechman/planet-42038');
INSERT INTO p420_session(num, pub_date, runtime, mixcloud_key) VALUES (39, '2022-06-26', 5660, 'lowtechman/planet-42039');
INSERT INTO p420_session(num, pub_date, runtime, mixcloud_key) VALUES (40, '2022-07-16', 7026, 'lowtechman/planet-42040');
INSERT INTO p420_session(num, pub_date, runtime, mixcloud_key) VALUES (41, '2022-09-15', 8084, 'lowtechman/planet-42041');
INSERT INTO p420_session(num, pub_date, runtime, mixcloud_key) VALUES (42, '2022-12-12', 3653, 'lowtechman/planet-42042');
INSERT INTO p420_session(num, pub_date, runtime, mixcloud_key) VALUES (43, '2023-01-27', 9839, 'lowtechman/planet-42043');
INSERT INTO p420_session(num, pub_date, runtime, mixcloud_key) VALUES (44, '2023-03-22', 6234, 'lowtechman/planet-42044');
INSERT INTO p420_session(num, pub_date, runtime, mixcloud_key) VALUES (45, '2023-06-23', 5792, 'lowtechman/planet-42045');


INSERT INTO p420_tracklist(session_num, start_time, artist, track) VALUES (1, 0, 'DJ Shadow', 'Lost And Found');
INSERT INTO p420_tracklist(session_num, start_time, artist, track) VALUES (1, 426, 'Mo'' Horizons', 'Walk Into Space - Pt.1&11');
INSERT INTO p420_tracklist(session_num, start_time, artist, track) VALUES (1, 601, 'Tosca', 'Chocolate Elvis (Baby Mammoth Version 2)');
INSERT INTO p420_tracklist(session_num, start_time, artist, track) VALUES (1, 1163, 'dZihan & Kamien', 'Slowhand Hussein (Hefner Remix)');
INSERT INTO p420_tracklist(session_num, start_time, artist, track) VALUES (1, 1316, 'IJO', 'Plentary 4');
INSERT INTO p420_tracklist(session_num, start_time, artist, track) VALUES (1, 1620, 'The Higher Intelligence Agency', 'Influx');
INSERT INTO p420_tracklist(session_num, start_time, artist, track) VALUES (1, 1893, 'Line Noise', 'Venutian Travels (Lackluster_Scribble110304)');
INSERT INTO p420_tracklist(session_num, start_time, artist, track) VALUES (1, 2308, 'Pametex', 'Wrak-plet');
INSERT INTO p420_tracklist(session_num, start_time, artist, track) VALUES (1, 2704, 'Fresh Moods', 'Sky Never Die');
INSERT INTO p420_tracklist(session_num, start_time, artist, track) VALUES (1, 2901, 'Audio Lotion', 'Jacuzzi Jazz');
INSERT INTO p420_tracklist(session_num, start_time, artist, track) VALUES (1, 3287, 'Arovane', 'Tokyo Ghost Stories');
INSERT INTO p420_tracklist(session_num, start_time, artist, track) VALUES (1, 3622, 'Amon Tobin', 'The Nasty');
INSERT INTO p420_tracklist(session_num, start_time, artist, track) VALUES (1, 3891, 'Noon', 'Greyn');
INSERT INTO p420_tracklist(session_num, start_time, artist, track) VALUES (1, 4288, 'Blockhead', 'Triptych Pt. 2');
INSERT INTO p420_tracklist(session_num, start_time, artist, track) VALUES (1, 4390, 'Blumentopf', 'Reden Ist Schweigen');
INSERT INTO p420_tracklist(session_num, start_time, artist, track) VALUES (1, 4646, 'Fettes Brot', 'Hallo Hip Hop');
INSERT INTO p420_tracklist(session_num, start_time, artist, track) VALUES (1, 4789, 'dude&phaeb', 'On Point');
INSERT INTO p420_tracklist(session_num, start_time, artist, track) VALUES (1, 5087, 'Quaid', 'Viva Terifa');
INSERT INTO p420_tracklist(session_num, start_time, artist, track) VALUES (1, 5281, 'Moodorama', 'Sinzing Sunset Boulevard');
INSERT INTO p420_tracklist(session_num, start_time, artist, track) VALUES (1, 5619, 'A Forest Mighty Black', 'Rebirth');
INSERT INTO p420_tracklist(session_num, start_time, artist, track) VALUES (1, 5968, 'AIR', 'Modular Mix');
INSERT INTO p420_tracklist(session_num, start_time, artist, track) VALUES (1, 6442, 'Airlock', 'On The 2nd Floor');
INSERT INTO p420_tracklist(session_num, start_time, artist, track) VALUES (1, 6735, 'AK420', 'Friday');
INSERT INTO p420_tracklist(session_num, start_time, artist, track) VALUES (1, 6984, 'Le Mpris', 'Hikkikomori');
INSERT INTO p420_tracklist(session_num, start_time, artist, track) VALUES (1, 7164, 'Soehngenetic', 'Liet Ibma Sad');
INSERT INTO p420_tracklist(session_num, start_time, artist, track) VALUES (1, 7288, 'Ian Simmonds', 'Fathom''s Down');
INSERT INTO p420_tracklist(session_num, start_time, artist, track) VALUES (1, 7906, 'Bullitnuts', 'Semantic Pearls');
INSERT INTO p420_tracklist(session_num, start_time, artist, track) VALUES (1, 8282, 'F.U.S.E.', 'Logikal Nonsense');
INSERT INTO p420_tracklist(session_num, start_time, artist, track) VALUES (1, 8366, 'BROCKBEATS', 'flower garden');
INSERT INTO p420_tracklist(session_num, start_time, artist, track) VALUES (1, 8444, 'Amon Tobin', 'Daytrip');
INSERT INTO p420_tracklist(session_num, start_time, artist, track) VALUES (1, 8645, 'The Ink Spots', 'I Don''t Want To Set The World On Fire');
INSERT INTO p420_tracklist(session_num, start_time, artist, track) VALUES (1, 8843, 'The Future Sound Of London', 'Yage');
INSERT INTO p420_tracklist(session_num, start_time, artist, track) VALUES (1, 9020, 'Iambic', 'Going Home');
INSERT INTO p420_tracklist(session_num, start_time, artist, track) VALUES (1, 9509, 'Lufth', 'Der Zustand Des Moments');
INSERT INTO p420_tracklist(session_num, start_time, artist, track) VALUES (1, 9999, 'The Four Owls', 'Control');
INSERT INTO p420_tracklist(session_num, start_time, artist, track) VALUES (2, 0, 'A Tribe Called Quest', 'Jazz (We''ve Got)');
INSERT INTO p420_tracklist(session_num, start_time, artist, track) VALUES (2, 60, 'DJ Food', 'Nocturne (Sleep Dyad 1)');
INSERT INTO p420_tracklist(session_num, start_time, artist, track) VALUES (2, 456, 'Quantic', 'Furthest Moment');
INSERT INTO p420_tracklist(session_num, start_time, artist, track) VALUES (2, 773, 'graves', 'nevr');
INSERT INTO p420_tracklist(session_num, start_time, artist, track) VALUES (2, 909, 'Cujo', 'Cat People');
INSERT INTO p420_tracklist(session_num, start_time, artist, track) VALUES (2, 1245, 'Kriipis Tulo', 'Pevane Ujuja');
INSERT INTO p420_tracklist(session_num, start_time, artist, track) VALUES (2, 1667, 'j^p^n', 'wink. []');
INSERT INTO p420_tracklist(session_num, start_time, artist, track) VALUES (2, 1719, 'Blockhead', 'A Better Place');
INSERT INTO p420_tracklist(session_num, start_time, artist, track) VALUES (2, 1941, 'The Herbaliser', '24 Carat Blag');
INSERT INTO p420_tracklist(session_num, start_time, artist, track) VALUES (2, 2196, 'Scruffnuk Dust', 'Sit Back Relax');
INSERT INTO p420_tracklist(session_num, start_time, artist, track) VALUES (2, 2385, 'Massive Attack', 'Man Next Door');
INSERT INTO p420_tracklist(session_num, start_time, artist, track) VALUES (2, 2700, 'Early Groovers', 'Btur2');
INSERT INTO p420_tracklist(session_num, start_time, artist, track) VALUES (2, 2830, 'Le Mpris', 'Kuki');
INSERT INTO p420_tracklist(session_num, start_time, artist, track) VALUES (2, 3049, 'Gabriel', 'November Nights');
INSERT INTO p420_tracklist(session_num, start_time, artist, track) VALUES (2, 3252, 'Sleepy Town Manufacture', 'Lain: Say You Care');
INSERT INTO p420_tracklist(session_num, start_time, artist, track) VALUES (2, 3390, 'Lackluster', 'Hmainham');
INSERT INTO p420_tracklist(session_num, start_time, artist, track) VALUES (2, 3567, 'The Cinematic Orchestra', 'All That You Give');
INSERT INTO p420_tracklist(session_num, start_time, artist, track) VALUES (2, 3921, 'Galaktlan', 'Please Me');
INSERT INTO p420_tracklist(session_num, start_time, artist, track) VALUES (2, 4175, 'AIR', 'La Femme D''Argent');
INSERT INTO p420_tracklist(session_num, start_time, artist, track) VALUES (2, 4581, 'Boards Of Canada', 'An Eagle In Your Mind');
INSERT INTO p420_tracklist(session_num, start_time, artist, track) VALUES (2, 4941, 'Sofa Surfers', 'Guns ''N'' Bombs ''N'' Knives (Lou Ciccotelli And Richard Olatunde Baker Remix)');
INSERT INTO p420_tracklist(session_num, start_time, artist, track) VALUES (2, 5148, 'stockfinster', 'Ergo');
INSERT INTO p420_tracklist(session_num, start_time, artist, track) VALUES (2, 5490, 'Zigarrettenpause', 'Tear Apart Day');
INSERT INTO p420_tracklist(session_num, start_time, artist, track) VALUES (2, 5735, 'Hint', 'Air To Sky');
INSERT INTO p420_tracklist(session_num, start_time, artist, track) VALUES (2, 6107, 'Manual & Syntaks', 'Sunset Rider');
INSERT INTO p420_tracklist(session_num, start_time, artist, track) VALUES (2, 6515, 'Frank Molder', 'Space Observer');
INSERT INTO p420_tracklist(session_num, start_time, artist, track) VALUES (2, 6750, 'Nightmares On Wax', 'Fire In The Middle');
INSERT INTO p420_tracklist(session_num, start_time, artist, track) VALUES (2, 6970, 'Minus 8', 'Sarug & Terah');
INSERT INTO p420_tracklist(session_num, start_time, artist, track) VALUES (2, 7215, 'Saturday Index', 'Partly Cloudy (Dub Forecast Mmx)');
INSERT INTO p420_tracklist(session_num, start_time, artist, track) VALUES (2, 7570, 'Carbon Based Lifeforms', 'Central Plains');
INSERT INTO p420_tracklist(session_num, start_time, artist, track) VALUES (2, 8010, '', '');
INSERT INTO p420_tracklist(session_num, start_time, artist, track) VALUES (2, 8352, 'Ryksopp', 'She''s So');
INSERT INTO p420_tracklist(session_num, start_time, artist, track) VALUES (2, 8587, 'Fresh Moods', 'The Brush');
INSERT INTO p420_tracklist(session_num, start_time, artist, track) VALUES (2, 9051, 'Cujo', 'Ol'' Bunkhouse');
INSERT INTO p420_tracklist(session_num, start_time, artist, track) VALUES (2, 9378, 'Leon Vinehall', 'Envelopes (Chapter VI)');
INSERT INTO p420_tracklist(session_num, start_time, artist, track) VALUES (2, 9666, 'The Cinematic Orchestra', 'A Promise (feat. Heidi Vogel)');
INSERT INTO p420_tracklist(session_num, start_time, artist, track) VALUES (3, 0, 'The Cinematic Orchestra', 'Man With The Movie Camera');
INSERT INTO p420_tracklist(session_num, start_time, artist, track) VALUES (3, 543, 'Bunko Stew', '1, 2, Ready Go');
INSERT INTO p420_tracklist(session_num, start_time, artist, track) VALUES (3, 666, 'Aesop Rock', 'Shrunk');
INSERT INTO p420_tracklist(session_num, start_time, artist, track) VALUES (3, 899, 'Blockhead', 'Sunday Seance');
INSERT INTO p420_tracklist(session_num, start_time, artist, track) VALUES (3, 1005, 'The Cinematic Orchestra', 'Oregon');
INSERT INTO p420_tracklist(session_num, start_time, artist, track) VALUES (3, 1357, 'El Jazzy Chavo', 'Hitchcock''s Birds');
INSERT INTO p420_tracklist(session_num, start_time, artist, track) VALUES (3, 1545, 'Funki Porcini', 'Offshore Birmingham');
INSERT INTO p420_tracklist(session_num, start_time, artist, track) VALUES (3, 1646, 'Flytronix', 'The Rhode Tune');
INSERT INTO p420_tracklist(session_num, start_time, artist, track) VALUES (3, 1783, 'Walkner.Mstl', 'Rebel Music');
INSERT INTO p420_tracklist(session_num, start_time, artist, track) VALUES (3, 2253, 'Tosca', 'Orozco');
INSERT INTO p420_tracklist(session_num, start_time, artist, track) VALUES (3, 2575, 'j^p^n', 'withered. []');
INSERT INTO p420_tracklist(session_num, start_time, artist, track) VALUES (3, 2860, 'Boards Of Canada', 'Alpha And Omega');
INSERT INTO p420_tracklist(session_num, start_time, artist, track) VALUES (3, 3045, 'Walkner.Mstl', 'Shades');
INSERT INTO p420_tracklist(session_num, start_time, artist, track) VALUES (3, 3436, 'Skalpel', 'Sculpture');
INSERT INTO p420_tracklist(session_num, start_time, artist, track) VALUES (3, 3832, 'London Funk Allstars', 'Give It To Me Raw');
INSERT INTO p420_tracklist(session_num, start_time, artist, track) VALUES (3, 4134, 'j^p^n', 'wreath. []');
INSERT INTO p420_tracklist(session_num, start_time, artist, track) VALUES (3, 4224, 'Limes', 'Blue');
INSERT INTO p420_tracklist(session_num, start_time, artist, track) VALUES (3, 4383, 'Peace Orchestra', 'Shining (Uptight''s Cold Weather Version)');
INSERT INTO p420_tracklist(session_num, start_time, artist, track) VALUES (3, 4541, 'Sofa Surfers', 'The Low Rider / The Long Rider (Sofa Surfers Remix)');
INSERT INTO p420_tracklist(session_num, start_time, artist, track) VALUES (3, 4912, 'Vienna Scientists', 'Dope Control');
INSERT INTO p420_tracklist(session_num, start_time, artist, track) VALUES (3, 5161, '4 Hero', 'Golden Solitude');
INSERT INTO p420_tracklist(session_num, start_time, artist, track) VALUES (3, 5390, '9 Lazy 9', 'Electric Lazyland (Journeyman Mix)');
INSERT INTO p420_tracklist(session_num, start_time, artist, track) VALUES (3, 5908, 'Funki Porcini', '16 Megatons');
INSERT INTO p420_tracklist(session_num, start_time, artist, track) VALUES (3, 6266, 'Cujo', 'The Brazilianaire');
INSERT INTO p420_tracklist(session_num, start_time, artist, track) VALUES (3, 6613, 'Bent', 'I Love My Man (Lazyboy''s Anyone For Tennis Mix)');
INSERT INTO p420_tracklist(session_num, start_time, artist, track) VALUES (3, 6894, 'Bluebridge Quartet', 'Karp');
INSERT INTO p420_tracklist(session_num, start_time, artist, track) VALUES (3, 7255, 'Fennesz', 'Laguna');
INSERT INTO p420_tracklist(session_num, start_time, artist, track) VALUES (3, 7485, 'The Four Owls', 'Old Earth');
INSERT INTO p420_tracklist(session_num, start_time, artist, track) VALUES (3, 7626, 'Massive Tne', 'Das Und Dies (Remix)');
INSERT INTO p420_tracklist(session_num, start_time, artist, track) VALUES (3, 7861, 'Fettes Brot', 'Supermann & Mondgesicht');
INSERT INTO p420_tracklist(session_num, start_time, artist, track) VALUES (3, 8236, 'Blumentopf', 'Ich Erinner'' Mich');
INSERT INTO p420_tracklist(session_num, start_time, artist, track) VALUES (3, 8385, 'Busta Rhymes', 'How Much We Grew');
INSERT INTO p420_tracklist(session_num, start_time, artist, track) VALUES (3, 8736, 'Clutter', 'Slow Blizzard');
INSERT INTO p420_tracklist(session_num, start_time, artist, track) VALUES (3, 8946, 'Differnet', 'Conflictionary (Barricade Builders Of The World Unite And Take Cover)');
INSERT INTO p420_tracklist(session_num, start_time, artist, track) VALUES (3, 9394, 'Digitalverein', 'Origins And Evolution');
INSERT INTO p420_tracklist(session_num, start_time, artist, track) VALUES (3, 9782, 'DJ Shadow', 'What Does Your Soul Look Like, Pt. 1');
INSERT INTO p420_tracklist(session_num, start_time, artist, track) VALUES (3, 10003, 'Early Groovers', 'Find Out Now...');
INSERT INTO p420_tracklist(session_num, start_time, artist, track) VALUES (3, 10399, 'Floris', 'Drumz And Jazz');
INSERT INTO p420_tracklist(session_num, start_time, artist, track) VALUES (3, 10707, 'Hefner', 'Fiendish');
INSERT INTO p420_tracklist(session_num, start_time, artist, track) VALUES (3, 10859, 'Jan Jelinek', 'They, Them');
INSERT INTO p420_tracklist(session_num, start_time, artist, track) VALUES (3, 11125, 'Emmerichk', 'Cy-Borg');
INSERT INTO p420_tracklist(session_num, start_time, artist, track) VALUES (3, 11641, 'Innerzone Orchestra', 'Monsters');
INSERT INTO p420_tracklist(session_num, start_time, artist, track) VALUES (3, 11803, 'The Clifford Gilberto Rhythm Combination', 'Old Dog New Tricks (Part 2)');
INSERT INTO p420_tracklist(session_num, start_time, artist, track) VALUES (3, 11977, 'The Future Sound Of London', 'Translation 7: Things Change Like The Patterns And Shades That Fall From The Sun');
INSERT INTO p420_tracklist(session_num, start_time, artist, track) VALUES (3, 12434, 'Jazzanova', 'Glow And Glare');
INSERT INTO p420_tracklist(session_num, start_time, artist, track) VALUES (3, 12611, 'Suff Daddy', 'Worst Case Scenario');
INSERT INTO p420_tracklist(session_num, start_time, artist, track) VALUES (3, 12898, 'Bcee', 'Chameleon (Original Mix)');
INSERT INTO p420_tracklist(session_num, start_time, artist, track) VALUES (4, 0, 'ayefelon', 'Dedication');
INSERT INTO p420_tracklist(session_num, start_time, artist, track) VALUES (4, 145, 'Gee Cheeze', 'Intergalctico feat. kiks.luv (prod. by Jay Calabria)');
INSERT INTO p420_tracklist(session_num, start_time, artist, track) VALUES (4, 325, 'Massive Tne', 'Ohne Ende ''95');
INSERT INTO p420_tracklist(session_num, start_time, artist, track) VALUES (4, 643, 'Gate Zero', 'Crossing The Channel');
INSERT INTO p420_tracklist(session_num, start_time, artist, track) VALUES (4, 879, 'AIR & Baricco', 'Il Quarto Giorno');
INSERT INTO p420_tracklist(session_num, start_time, artist, track) VALUES (4, 1139, 'DJ Shadow & The Groove Robbers', 'The Third Decade, Our Move');
INSERT INTO p420_tracklist(session_num, start_time, artist, track) VALUES (4, 1419, 'DJ Cam', 'Romantic Love');
INSERT INTO p420_tracklist(session_num, start_time, artist, track) VALUES (4, 1650, 'Red Snapper', 'The Sleepless');
INSERT INTO p420_tracklist(session_num, start_time, artist, track) VALUES (4, 1927, 'Herwig Holzmann', '... Your Eyes From Crying');
INSERT INTO p420_tracklist(session_num, start_time, artist, track) VALUES (4, 2205, 'Apparat', 'Solaris');
INSERT INTO p420_tracklist(session_num, start_time, artist, track) VALUES (4, 2556, '3tronik', 'Face To Face');
INSERT INTO p420_tracklist(session_num, start_time, artist, track) VALUES (4, 2715, 'Silencide', 'Unthink Of Her');
INSERT INTO p420_tracklist(session_num, start_time, artist, track) VALUES (4, 2993, 'Red Snapper', 'Spitalfields');
INSERT INTO p420_tracklist(session_num, start_time, artist, track) VALUES (4, 3275, 'Walkner.Mstl', 'Walking On Clouds');
INSERT INTO p420_tracklist(session_num, start_time, artist, track) VALUES (4, 3639, 'Death In Vegas', 'All That Glitters');
INSERT INTO p420_tracklist(session_num, start_time, artist, track) VALUES (4, 4010, 'El Jazzy Chavo', 'She');
INSERT INTO p420_tracklist(session_num, start_time, artist, track) VALUES (4, 4130, 'Mr. Scruff', 'Beyond');
INSERT INTO p420_tracklist(session_num, start_time, artist, track) VALUES (4, 4345, 'OXIDANE', 'MS. UNDINE');
INSERT INTO p420_tracklist(session_num, start_time, artist, track) VALUES (4, 4575, 'dZihan & Kamien', 'Dundadeova');
INSERT INTO p420_tracklist(session_num, start_time, artist, track) VALUES (4, 4825, 'AIR', 'Les Professionnels');
INSERT INTO p420_tracklist(session_num, start_time, artist, track) VALUES (4, 5067, 'Sven Van Hees', 'Born To Be Mild');
INSERT INTO p420_tracklist(session_num, start_time, artist, track) VALUES (4, 5333, 'Funki Porcini', 'The Great Drive By (Bent''s Zorba Mix)');
INSERT INTO p420_tracklist(session_num, start_time, artist, track) VALUES (4, 5750, 'AK420', 'Flowers');
INSERT INTO p420_tracklist(session_num, start_time, artist, track) VALUES (4, 5907, 'Cujo', 'The Sighting');
INSERT INTO p420_tracklist(session_num, start_time, artist, track) VALUES (4, 6164, 'The Future Sound Of London', 'Dead Cities');
INSERT INTO p420_tracklist(session_num, start_time, artist, track) VALUES (4, 6543, 'Idmonster', 'Close Harness');
INSERT INTO p420_tracklist(session_num, start_time, artist, track) VALUES (4, 6795, 'Iambic', 'Moment');
INSERT INTO p420_tracklist(session_num, start_time, artist, track) VALUES (4, 7090, 'Galaktlan', 'Axister');
INSERT INTO p420_tracklist(session_num, start_time, artist, track) VALUES (4, 7393, 'The Clifford Gilberto Rhythm Combination', 'Restless');
INSERT INTO p420_tracklist(session_num, start_time, artist, track) VALUES (4, 7720, 'Hefner', 'Pumpkin Rum');
INSERT INTO p420_tracklist(session_num, start_time, artist, track) VALUES (4, 8045, 'DJ Shadow', 'Only The Strong Survive');
INSERT INTO p420_tracklist(session_num, start_time, artist, track) VALUES (4, 8300, 'Fettes Brot', 'Friedhof Der Nuscheltiere');
INSERT INTO p420_tracklist(session_num, start_time, artist, track) VALUES (5, 0, 'Bullitnuts', 'Joker In My Yard');
INSERT INTO p420_tracklist(session_num, start_time, artist, track) VALUES (5, 345, 'Baby Mammoth', 'Come Again');
INSERT INTO p420_tracklist(session_num, start_time, artist, track) VALUES (5, 720, 'Comfort Fit', 'True Form');
INSERT INTO p420_tracklist(session_num, start_time, artist, track) VALUES (5, 901, 'DJ Cam', 'Dieu Reconnaitra Les Siens');
INSERT INTO p420_tracklist(session_num, start_time, artist, track) VALUES (5, 1246, 'Blockhead', 'Daylight');
INSERT INTO p420_tracklist(session_num, start_time, artist, track) VALUES (5, 1501, 'Dub Trees', 'A Way Of Being Free (Are You Sitting Comfortably Very Smooth, Very Peaceful Mix)');
INSERT INTO p420_tracklist(session_num, start_time, artist, track) VALUES (5, 1805, 'Red Snapper', 'Crusoe Takes A Trip');
INSERT INTO p420_tracklist(session_num, start_time, artist, track) VALUES (5, 2197, 'Hefner', 'An Evening With Hefner');
INSERT INTO p420_tracklist(session_num, start_time, artist, track) VALUES (5, 2461, 'DJ Shadow', 'Long Stem');
INSERT INTO p420_tracklist(session_num, start_time, artist, track) VALUES (5, 2700, 'Audio Lotion', 'Cosmetic Odyssey');
INSERT INTO p420_tracklist(session_num, start_time, artist, track) VALUES (5, 3210, 'Digitalverein', 'Tiefer Ins System');
INSERT INTO p420_tracklist(session_num, start_time, artist, track) VALUES (5, 3700, 'Mum', 'Nightly Cares');
INSERT INTO p420_tracklist(session_num, start_time, artist, track) VALUES (5, 3925, 'Bunko Stew', 'Every Night');
INSERT INTO p420_tracklist(session_num, start_time, artist, track) VALUES (5, 4115, 'Nightmares On Wax', 'Bonus #1');
INSERT INTO p420_tracklist(session_num, start_time, artist, track) VALUES (5, 4417, 'Tosca', 'Chocolate Elvis (Boozoo Bajou Soul Searchers Dub)');
INSERT INTO p420_tracklist(session_num, start_time, artist, track) VALUES (5, 4702, 'Jaffa', 'Lazywalker');
INSERT INTO p420_tracklist(session_num, start_time, artist, track) VALUES (5, 4969, 'DJ Shadow', 'Changeling');
INSERT INTO p420_tracklist(session_num, start_time, artist, track) VALUES (5, 5403, 'Bola', 'Sirasancerre');
INSERT INTO p420_tracklist(session_num, start_time, artist, track) VALUES (5, 5664, 'The Clifford Gilberto Rhythm Combination', 'Concrete Cats');
INSERT INTO p420_tracklist(session_num, start_time, artist, track) VALUES (5, 5986, 'Jazzanova', 'L.O.V.E. And You & I');
INSERT INTO p420_tracklist(session_num, start_time, artist, track) VALUES (5, 6445, 'Arovane', 'Good Bye Forever');
INSERT INTO p420_tracklist(session_num, start_time, artist, track) VALUES (5, 6646, 'Fresh Moods', 'Stand');
INSERT INTO p420_tracklist(session_num, start_time, artist, track) VALUES (5, 7020, 'DJ Cam', 'Gangsta Shit');
INSERT INTO p420_tracklist(session_num, start_time, artist, track) VALUES (5, 7266, 'Kruder & Dorfmeister', 'High Noon');
INSERT INTO p420_tracklist(session_num, start_time, artist, track) VALUES (5, 7604, 'Wu-Tang Clan', 'Can It Be All So Simple');
INSERT INTO p420_tracklist(session_num, start_time, artist, track) VALUES (6, 0, 'Amon Tobin', 'Defocus');
INSERT INTO p420_tracklist(session_num, start_time, artist, track) VALUES (6, 276, 'Kid Koala & Amon Tobin', 'Untitled');
INSERT INTO p420_tracklist(session_num, start_time, artist, track) VALUES (6, 560, 'The Herbaliser', 'Shattered Soul');
INSERT INTO p420_tracklist(session_num, start_time, artist, track) VALUES (6, 866, 'Cruiser', 'Love Me');
INSERT INTO p420_tracklist(session_num, start_time, artist, track) VALUES (6, 1055, 'Portishead', 'Mysterons');
INSERT INTO p420_tracklist(session_num, start_time, artist, track) VALUES (6, 1345, 'Insight & Damu The Fudgemunk', 'Rather Unique 2');
INSERT INTO p420_tracklist(session_num, start_time, artist, track) VALUES (6, 1590, 'Mounika.', 'Long Silent');
INSERT INTO p420_tracklist(session_num, start_time, artist, track) VALUES (6, 1780, 'Bunko Stew', 'It Hurts');
INSERT INTO p420_tracklist(session_num, start_time, artist, track) VALUES (6, 1895, 'Arovane', 'Instant Gods Out Of The Box');
INSERT INTO p420_tracklist(session_num, start_time, artist, track) VALUES (6, 2164, 'Animals On Wheels', 'Never In And Never Out');
INSERT INTO p420_tracklist(session_num, start_time, artist, track) VALUES (6, 2363, 'Burial', 'In Mcdonalds');
INSERT INTO p420_tracklist(session_num, start_time, artist, track) VALUES (6, 2462, 'Iambic', 'Touch The Sky');
INSERT INTO p420_tracklist(session_num, start_time, artist, track) VALUES (6, 2765, 'Kriipis Tulo', 'htune Ujuja');
INSERT INTO p420_tracklist(session_num, start_time, artist, track) VALUES (6, 3037, 'Zengineers', 'Fast Asleep');
INSERT INTO p420_tracklist(session_num, start_time, artist, track) VALUES (6, 3291, 'Kid Loco', 'Sister Curare');
INSERT INTO p420_tracklist(session_num, start_time, artist, track) VALUES (6, 3603, 'Bonobo', 'Sugar Rhyme');
INSERT INTO p420_tracklist(session_num, start_time, artist, track) VALUES (6, 3866, 'Nightmares On Wax', 'Argha Noah');
INSERT INTO p420_tracklist(session_num, start_time, artist, track) VALUES (6, 4325, 'Aural Float', 'Perspectives');
INSERT INTO p420_tracklist(session_num, start_time, artist, track) VALUES (6, 4803, 'dZihan & Kamien', 'Before');
INSERT INTO p420_tracklist(session_num, start_time, artist, track) VALUES (6, 5098, 'Dmodara', 'Meditation');
INSERT INTO p420_tracklist(session_num, start_time, artist, track) VALUES (6, 5465, 'Cypress Hill', 'Everybody Must Get Stoned');
INSERT INTO p420_tracklist(session_num, start_time, artist, track) VALUES (6, 5628, 'Fettes Brot', 'Dionysos');
INSERT INTO p420_tracklist(session_num, start_time, artist, track) VALUES (6, 6038, 'dude&phaeb', 'Silbertablett');
INSERT INTO p420_tracklist(session_num, start_time, artist, track) VALUES (6, 6258, 'Blumentopf', 'Reden Ist Schweigen');
INSERT INTO p420_tracklist(session_num, start_time, artist, track) VALUES (6, 6496, 'Bola', 'Pfane Pt. 1');
INSERT INTO p420_tracklist(session_num, start_time, artist, track) VALUES (6, 6711, 'DJ Shadow', 'What Does Your Soul Look Like, Pt. 2');
INSERT INTO p420_tracklist(session_num, start_time, artist, track) VALUES (7, 0, 'Audio Lotion', 'Beauty Sleep');
INSERT INTO p420_tracklist(session_num, start_time, artist, track) VALUES (7, 400, 'Autechre', 'Nine');
INSERT INTO p420_tracklist(session_num, start_time, artist, track) VALUES (7, 592, 'Clutter', 'High Hopes');
INSERT INTO p420_tracklist(session_num, start_time, artist, track) VALUES (7, 1128, 'Groove Armada', 'Fly Me To The Moon');
INSERT INTO p420_tracklist(session_num, start_time, artist, track) VALUES (7, 1364, 'Hacienda', 'Quizs Quieres Saber');
INSERT INTO p420_tracklist(session_num, start_time, artist, track) VALUES (7, 1630, 'Sofa Surfers', 'If It Were Not For You');
INSERT INTO p420_tracklist(session_num, start_time, artist, track) VALUES (7, 1930, 'Amon Tobin', 'Creatures');
INSERT INTO p420_tracklist(session_num, start_time, artist, track) VALUES (7, 2147, 'The Future Sound Of London', 'Quagmire / In A State Of Permanent Abyss');
INSERT INTO p420_tracklist(session_num, start_time, artist, track) VALUES (7, 2450, 'Igor Boxx', 'Paranoia');
INSERT INTO p420_tracklist(session_num, start_time, artist, track) VALUES (7, 2745, 'DJ Vadim', 'Revelations Well Expanded');
INSERT INTO p420_tracklist(session_num, start_time, artist, track) VALUES (7, 3002, 'The Cinematic Orchestra', 'All Things To All Men');
INSERT INTO p420_tracklist(session_num, start_time, artist, track) VALUES (7, 3688, 'Sleepy Town Manufacture', 'Eyes Like Heaven');
INSERT INTO p420_tracklist(session_num, start_time, artist, track) VALUES (7, 3913, 'Michael Hoffmann', 'Crazy Monkeys');
INSERT INTO p420_tracklist(session_num, start_time, artist, track) VALUES (7, 4415, 'Boom Bip & DJ Osiris', 'Voodoo Science');
INSERT INTO p420_tracklist(session_num, start_time, artist, track) VALUES (7, 4745, 'Stateless', 'Leave Me Now');
INSERT INTO p420_tracklist(session_num, start_time, artist, track) VALUES (7, 5145, 'Craig Armstrong', 'Weather Storm');
INSERT INTO p420_tracklist(session_num, start_time, artist, track) VALUES (7, 5470, 'Hania Rani', 'Sun');
INSERT INTO p420_tracklist(session_num, start_time, artist, track) VALUES (7, 5766, 'DJ Shadow', 'Meiso');
INSERT INTO p420_tracklist(session_num, start_time, artist, track) VALUES (7, 6017, 'Quaid', 'Fusbares');
INSERT INTO p420_tracklist(session_num, start_time, artist, track) VALUES (7, 6336, 'Skalpel', 'Voice Of Reason');
INSERT INTO p420_tracklist(session_num, start_time, artist, track) VALUES (7, 6565, 'Ruxpin', 'In Form Of A Bird I Meet My Creator');
INSERT INTO p420_tracklist(session_num, start_time, artist, track) VALUES (7, 6916, 'Spark', 'Oranges');
INSERT INTO p420_tracklist(session_num, start_time, artist, track) VALUES (7, 7125, 'Audio Lotion', 'Moon Water');
INSERT INTO p420_tracklist(session_num, start_time, artist, track) VALUES (7, 7554, 'Marsen Jules', 'Yara 02');
INSERT INTO p420_tracklist(session_num, start_time, artist, track) VALUES (7, 7898, 'Sweet Trip', 'Velocity');
INSERT INTO p420_tracklist(session_num, start_time, artist, track) VALUES (7, 8370, 'Randomajestiq', 'Psychosexual Sexterrestrial');
INSERT INTO p420_tracklist(session_num, start_time, artist, track) VALUES (7, 8610, 'Mr. Scruff', 'Giffin');
INSERT INTO p420_tracklist(session_num, start_time, artist, track) VALUES (7, 8930, 'Thievery Corporation', 'Until The Morning');
INSERT INTO p420_tracklist(session_num, start_time, artist, track) VALUES (7, 9143, 'Outside', 'To Forgive But Not To Forget');
INSERT INTO p420_tracklist(session_num, start_time, artist, track) VALUES (7, 9500, 'DJ Shadow', 'Fixed Income');
INSERT INTO p420_tracklist(session_num, start_time, artist, track) VALUES (7, 9780, 'Waldeck', 'Floater');
INSERT INTO p420_tracklist(session_num, start_time, artist, track) VALUES (7, 10057, 'The Herbaliser', 'Moon Sequence');
INSERT INTO p420_tracklist(session_num, start_time, artist, track) VALUES (7, 10422, 'Tool', 'Lost Keys (Blame Hofmann)');
INSERT INTO p420_tracklist(session_num, start_time, artist, track) VALUES (7, 10638, 'Manassas', 'Lost Highway');
INSERT INTO p420_tracklist(session_num, start_time, artist, track) VALUES (8, 0, 'DJ Shadow', 'In/Flux');
INSERT INTO p420_tracklist(session_num, start_time, artist, track) VALUES (8, 685, 'Cujo', '4 Or 6');
INSERT INTO p420_tracklist(session_num, start_time, artist, track) VALUES (8, 1000, 'Blockhead', 'Breath And Start');
INSERT INTO p420_tracklist(session_num, start_time, artist, track) VALUES (8, 1245, 'The Cinematic Orchestra', 'Night Of The Iguana');
INSERT INTO p420_tracklist(session_num, start_time, artist, track) VALUES (8, 1973, 'El Jazzy Chavo', 'Mandela');
INSERT INTO p420_tracklist(session_num, start_time, artist, track) VALUES (8, 2090, 'A Forest Mighty Black', 'Duel With A So(u)l');
INSERT INTO p420_tracklist(session_num, start_time, artist, track) VALUES (8, 2370, 'Fila Brazillia', 'Leggy');
INSERT INTO p420_tracklist(session_num, start_time, artist, track) VALUES (8, 2760, 'DJ Cam', 'Mad Blunted Jazz');
INSERT INTO p420_tracklist(session_num, start_time, artist, track) VALUES (8, 3025, 'Bullitnuts', 'Feathered Up');
INSERT INTO p420_tracklist(session_num, start_time, artist, track) VALUES (8, 3411, 'The Sushi Club', 'Nigu-Jaka');
INSERT INTO p420_tracklist(session_num, start_time, artist, track) VALUES (8, 3735, 'dZihan & Kamien', 'Homebase');
INSERT INTO p420_tracklist(session_num, start_time, artist, track) VALUES (8, 4145, 'Ruxpin', 'Palace Midas');
INSERT INTO p420_tracklist(session_num, start_time, artist, track) VALUES (8, 4530, 'De-Phazz', 'Anchorless');
INSERT INTO p420_tracklist(session_num, start_time, artist, track) VALUES (8, 4830, 'Wondabraa', 'Starfish');
INSERT INTO p420_tracklist(session_num, start_time, artist, track) VALUES (8, 5245, 'Move D.', 'Amazing Discoveries');
INSERT INTO p420_tracklist(session_num, start_time, artist, track) VALUES (8, 5740, 'Tosca', 'Suzuki');
INSERT INTO p420_tracklist(session_num, start_time, artist, track) VALUES (8, 6065, 'The Jazz Renegades', 'Do It The Hard Way');
INSERT INTO p420_tracklist(session_num, start_time, artist, track) VALUES (9, 0, 'DJ Shadow', 'The Mountain Will Fall');
INSERT INTO p420_tracklist(session_num, start_time, artist, track) VALUES (9, 250, 'Cujo', 'Popsicle');
INSERT INTO p420_tracklist(session_num, start_time, artist, track) VALUES (9, 502, 'The Isolationist', 'Settle Down (We Rap So Fresh)');
INSERT INTO p420_tracklist(session_num, start_time, artist, track) VALUES (9, 782, 'Tosca', 'Chocolate Elvis (Bullitnuts Version 1)');
INSERT INTO p420_tracklist(session_num, start_time, artist, track) VALUES (9, 1061, 'Nas', 'If I Ruled The World');
INSERT INTO p420_tracklist(session_num, start_time, artist, track) VALUES (9, 1338, 'The Herbaliser', 'Road Of Many Signs');
INSERT INTO p420_tracklist(session_num, start_time, artist, track) VALUES (9, 1614, 'Mr. Projectile', 'Love Here (L''usine Remix)');
INSERT INTO p420_tracklist(session_num, start_time, artist, track) VALUES (9, 1890, 'Spark', 'Mad Scientist Vein');
INSERT INTO p420_tracklist(session_num, start_time, artist, track) VALUES (9, 2185, 'Ghostwerk', 'OPEN YR MIND');
INSERT INTO p420_tracklist(session_num, start_time, artist, track) VALUES (9, 2463, 'Clorofila Azul', 'I Am A Cloud In The Open Sky');
INSERT INTO p420_tracklist(session_num, start_time, artist, track) VALUES (9, 2749, 'Baby Mammoth', 'Whiskey Soul');
INSERT INTO p420_tracklist(session_num, start_time, artist, track) VALUES (9, 3037, 'Wyclef Jean', 'Yele');
INSERT INTO p420_tracklist(session_num, start_time, artist, track) VALUES (9, 3355, 'Boards Of Canada', 'Julie And Candy');
INSERT INTO p420_tracklist(session_num, start_time, artist, track) VALUES (9, 3676, 'Wamdue Project', 'Instrumentation');
INSERT INTO p420_tracklist(session_num, start_time, artist, track) VALUES (9, 4010, 'Aural Float', 'Perspectives (Life In Dub Remix)');
INSERT INTO p420_tracklist(session_num, start_time, artist, track) VALUES (9, 4324, 'The Herbaliser', 'Something Wicked');
INSERT INTO p420_tracklist(session_num, start_time, artist, track) VALUES (9, 4625, 'Peace Orchestra', 'Marakesch (Meitz Remix)');
INSERT INTO p420_tracklist(session_num, start_time, artist, track) VALUES (9, 4960, 'Spirit Elevating Brains', 'Was Der Erde Widerfhrt, Richtet Auch Uns');
INSERT INTO p420_tracklist(session_num, start_time, artist, track) VALUES (9, 5271, 'UNKLE', 'Guns Blazing (Drums Of Death Part 1)');
INSERT INTO p420_tracklist(session_num, start_time, artist, track) VALUES (9, 5509, 'Amon Tobin', 'Nightlife');
INSERT INTO p420_tracklist(session_num, start_time, artist, track) VALUES (9, 5891, 'The Cinematic Orchestra', 'Diabolus');
INSERT INTO p420_tracklist(session_num, start_time, artist, track) VALUES (9, 6428, 'DJ Cam', 'Suckers Never Play That');
INSERT INTO p420_tracklist(session_num, start_time, artist, track) VALUES (9, 6540, 'Massive Tne', 'Scho Der Kolchose');
INSERT INTO p420_tracklist(session_num, start_time, artist, track) VALUES (9, 6891, 'Early Groovers', 'Magic Mike');
INSERT INTO p420_tracklist(session_num, start_time, artist, track) VALUES (9, 7252, 'United Future Organization', 'Poetry And All That Jazz');
INSERT INTO p420_tracklist(session_num, start_time, artist, track) VALUES (9, 7576, 'Imagination', 'Animation');
INSERT INTO p420_tracklist(session_num, start_time, artist, track) VALUES (9, 7863, 'Balanco', 'Metti Una Sera A Cena (Jazzanova Remix)');
INSERT INTO p420_tracklist(session_num, start_time, artist, track) VALUES (9, 8215, 'Mr. Scruff', 'Midnight Feast');
INSERT INTO p420_tracklist(session_num, start_time, artist, track) VALUES (10, 0, 'ayefelon', 'C''est La Vie (feat Rio)');
INSERT INTO p420_tracklist(session_num, start_time, artist, track) VALUES (10, 256, 'dude&phaeb', 'Gravitation');
INSERT INTO p420_tracklist(session_num, start_time, artist, track) VALUES (10, 420, 'Massive Tne', 'Nichtsnutz');
INSERT INTO p420_tracklist(session_num, start_time, artist, track) VALUES (10, 748, 'Minimal Drone GRL', 'Nostalgic Echoes');
INSERT INTO p420_tracklist(session_num, start_time, artist, track) VALUES (10, 1115, 'Galaktlan', 'Mode');
INSERT INTO p420_tracklist(session_num, start_time, artist, track) VALUES (10, 1435, '4 Hero', 'Conceptions');
INSERT INTO p420_tracklist(session_num, start_time, artist, track) VALUES (10, 1752, 'The Future Sound Of London', 'Her Face Forms In Summertime');
INSERT INTO p420_tracklist(session_num, start_time, artist, track) VALUES (10, 2000, 'Jaffa', 'Elevator (Fila Brazillia Remix)');
INSERT INTO p420_tracklist(session_num, start_time, artist, track) VALUES (10, 2284, 'Gabriel', 'Good Old Days');
INSERT INTO p420_tracklist(session_num, start_time, artist, track) VALUES (10, 2499, 'Crashed By Car', 'Full Speed Dead');
INSERT INTO p420_tracklist(session_num, start_time, artist, track) VALUES (10, 2675, 'Sleepy Town Manufacture', 'Latatoo (Laa Laa Lacklustermx)');
INSERT INTO p420_tracklist(session_num, start_time, artist, track) VALUES (10, 2940, 'Manassas (With John Hall)', 'Shopping In A Shipyard Town');
INSERT INTO p420_tracklist(session_num, start_time, artist, track) VALUES (10, 3406, '', 'reflection');
INSERT INTO p420_tracklist(session_num, start_time, artist, track) VALUES (10, 4012, 'DJ Food', 'The Sky At Night');
INSERT INTO p420_tracklist(session_num, start_time, artist, track) VALUES (10, 4299, 'Ian Simmonds', 'The Manta');
INSERT INTO p420_tracklist(session_num, start_time, artist, track) VALUES (10, 4775, 'George Pallikaris', 'Insearch Of');
INSERT INTO p420_tracklist(session_num, start_time, artist, track) VALUES (10, 4981, 'Zero 7', 'Destiny');
INSERT INTO p420_tracklist(session_num, start_time, artist, track) VALUES (10, 5330, 'Nightmares On Wax', 'Nights Introlude');
INSERT INTO p420_tracklist(session_num, start_time, artist, track) VALUES (10, 5582, 'Metalob', 'Airwave');
INSERT INTO p420_tracklist(session_num, start_time, artist, track) VALUES (10, 5965, 'Groove Armada', 'Serve Chilled');
INSERT INTO p420_tracklist(session_num, start_time, artist, track) VALUES (10, 6244, 'Sven Van Hees', 'Tsunami');
INSERT INTO p420_tracklist(session_num, start_time, artist, track) VALUES (10, 6505, 'Funki Porcini', 'Wilson''s Millions');
INSERT INTO p420_tracklist(session_num, start_time, artist, track) VALUES (10, 6737, 'Neotropic', 'Weeds');
INSERT INTO p420_tracklist(session_num, start_time, artist, track) VALUES (10, 7048, 'Kruder & Dorfmeister', 'Deep Shit (Part 1 & 2)');
INSERT INTO p420_tracklist(session_num, start_time, artist, track) VALUES (10, 7408, 'Walkner.Mstl', 'Heaven Or Hell');
INSERT INTO p420_tracklist(session_num, start_time, artist, track) VALUES (10, 7737, 'DJ Shadow', 'Transmission 2');
INSERT INTO p420_tracklist(session_num, start_time, artist, track) VALUES (11, 0, 'DJ Shadow', 'What Does Your Soul Look Like, Pt. 4');
INSERT INTO p420_tracklist(session_num, start_time, artist, track) VALUES (11, 379, 'AIR', 'Casanova 70');
INSERT INTO p420_tracklist(session_num, start_time, artist, track) VALUES (11, 700, 'Peace Orchestra', 'Double Drums');
INSERT INTO p420_tracklist(session_num, start_time, artist, track) VALUES (11, 1247, 'Up, Bustle & Out', 'Bicycles, Flutes and You');
INSERT INTO p420_tracklist(session_num, start_time, artist, track) VALUES (11, 1580, 'The Irresistible Force', 'The Lie-In King');
INSERT INTO p420_tracklist(session_num, start_time, artist, track) VALUES (11, 1890, 'The Cinematic Orchestra', 'Ode To The Big Sea');
INSERT INTO p420_tracklist(session_num, start_time, artist, track) VALUES (11, 2225, 'Quantic', 'Don''t Joke With A Hungry Man');
INSERT INTO p420_tracklist(session_num, start_time, artist, track) VALUES (11, 2540, 'Darshan', 'Spectra');
INSERT INTO p420_tracklist(session_num, start_time, artist, track) VALUES (11, 3097, 'Groove Armada', 'Remember');
INSERT INTO p420_tracklist(session_num, start_time, artist, track) VALUES (11, 3407, 'Massive Tne', 'Mutterstadt');
INSERT INTO p420_tracklist(session_num, start_time, artist, track) VALUES (11, 3725, 'Vienna Scientists', 'Sky');
INSERT INTO p420_tracklist(session_num, start_time, artist, track) VALUES (11, 3999, 'King Kooba', 'Freakmeister');
INSERT INTO p420_tracklist(session_num, start_time, artist, track) VALUES (11, 4227, 'The Sushi Club', 'TaRa');
INSERT INTO p420_tracklist(session_num, start_time, artist, track) VALUES (11, 4614, 'Funki Porcini', 'The Big Sea');
INSERT INTO p420_tracklist(session_num, start_time, artist, track) VALUES (11, 5060, 'AK420', 'It Depends');
INSERT INTO p420_tracklist(session_num, start_time, artist, track) VALUES (11, 5217, 'Ugly Heroes', 'Soul Searching');
INSERT INTO p420_tracklist(session_num, start_time, artist, track) VALUES (11, 5432, 'Tosca', 'Slow Hell [Session 6]');
INSERT INTO p420_tracklist(session_num, start_time, artist, track) VALUES (11, 5613, 'Fauna Flash', 'Mother Nature');
INSERT INTO p420_tracklist(session_num, start_time, artist, track) VALUES (11, 6010, 'DJ Vadim', 'Till Suns In Your Eye');
INSERT INTO p420_tracklist(session_num, start_time, artist, track) VALUES (11, 6279, 'Boards Of Canada', 'Whitewater');
INSERT INTO p420_tracklist(session_num, start_time, artist, track) VALUES (11, 6646, 'Torch', 'Morgen');
INSERT INTO p420_tracklist(session_num, start_time, artist, track) VALUES (11, 6870, 'Bonobo', 'Terrapin');
INSERT INTO p420_tracklist(session_num, start_time, artist, track) VALUES (11, 7134, 'Fungitonic & The Lobers', 'Funcional (Reversin)');
INSERT INTO p420_tracklist(session_num, start_time, artist, track) VALUES (11, 7415, 'graves', 'lee');
INSERT INTO p420_tracklist(session_num, start_time, artist, track) VALUES (12, 0, 'Blockhead', '11:35');
INSERT INTO p420_tracklist(session_num, start_time, artist, track) VALUES (12, 252, 'Nightmares On Wax', '(Man) Tha Journey');
INSERT INTO p420_tracklist(session_num, start_time, artist, track) VALUES (12, 609, 'Early Groovers', '...Don''t Ask Me How');
INSERT INTO p420_tracklist(session_num, start_time, artist, track) VALUES (12, 784, 'Solo For Dolo', 'Ain''t No Love');
INSERT INTO p420_tracklist(session_num, start_time, artist, track) VALUES (12, 1029, 'Audio Lotion', 'Aloe Vera');
INSERT INTO p420_tracklist(session_num, start_time, artist, track) VALUES (12, 1524, 'The Funky Lowlives', 'Inside (Dorfmeister vs. Uptight Mix)');
INSERT INTO p420_tracklist(session_num, start_time, artist, track) VALUES (12, 1705, 'Wagon Christ', 'I''m Singing');
INSERT INTO p420_tracklist(session_num, start_time, artist, track) VALUES (12, 2022, 'Afterlife', 'Dub In Ya Mind (Blue Water Mix)');
INSERT INTO p420_tracklist(session_num, start_time, artist, track) VALUES (12, 2286, 'Peace Orchestra', 'Shining (The Moerth Morph)');
INSERT INTO p420_tracklist(session_num, start_time, artist, track) VALUES (12, 2770, 'UNKLE With South', 'Cocaine And Camcorders (Original Version)');
INSERT INTO p420_tracklist(session_num, start_time, artist, track) VALUES (12, 3119, 'Doris Days', 'To Ulrike M. (Zero 7 Mix)');
INSERT INTO p420_tracklist(session_num, start_time, artist, track) VALUES (12, 3463, 'LTJ Experience', 'Moon Beat');
INSERT INTO p420_tracklist(session_num, start_time, artist, track) VALUES (12, 3767, 'Lamb', 'Cotton Wool (Fila Brazillia Mix)');
INSERT INTO p420_tracklist(session_num, start_time, artist, track) VALUES (12, 4253, 'Hefner', 'Every Day');
INSERT INTO p420_tracklist(session_num, start_time, artist, track) VALUES (12, 4478, 'Massive Attack', 'Spying Glass');
INSERT INTO p420_tracklist(session_num, start_time, artist, track) VALUES (12, 4725, 'Aes Dana', 'Borderline');
INSERT INTO p420_tracklist(session_num, start_time, artist, track) VALUES (12, 5033, 'Bonobo', 'Magicman');
INSERT INTO p420_tracklist(session_num, start_time, artist, track) VALUES (12, 5302, 'Boards Of Canada', 'Smokes Quantity');
INSERT INTO p420_tracklist(session_num, start_time, artist, track) VALUES (12, 5470, 'A Forest Mighty Black', 'Minigame');
INSERT INTO p420_tracklist(session_num, start_time, artist, track) VALUES (12, 5712, 'Kruder & Dorfmeister', 'A Tune For Us');
INSERT INTO p420_tracklist(session_num, start_time, artist, track) VALUES (12, 5908, 'Blumentopf', 'Irgendwie Lieb'' Ich Das 4');
INSERT INTO p420_tracklist(session_num, start_time, artist, track) VALUES (12, 6271, 'LTJ Bukem', 'Journey Inwards');
INSERT INTO p420_tracklist(session_num, start_time, artist, track) VALUES (12, 6642, 'AK420', 'Livin'' a Lie');
INSERT INTO p420_tracklist(session_num, start_time, artist, track) VALUES (12, 6813, 'The Cinematic Orchestra', 'Flite');
INSERT INTO p420_tracklist(session_num, start_time, artist, track) VALUES (12, 7210, 'Tosca', 'Every Day & Every Night');
INSERT INTO p420_tracklist(session_num, start_time, artist, track) VALUES (12, 7578, 'Innerghazal', 'Blend');
INSERT INTO p420_tracklist(session_num, start_time, artist, track) VALUES (12, 7869, 'j^p^n', 'kidding. []');
INSERT INTO p420_tracklist(session_num, start_time, artist, track) VALUES (13, 0, 'DJ Cam', 'London 1995');
INSERT INTO p420_tracklist(session_num, start_time, artist, track) VALUES (13, 306, 'Creepy Place', 'Fugitive Elf');
INSERT INTO p420_tracklist(session_num, start_time, artist, track) VALUES (13, 585, 'DJ Food', 'Freedom (Fila Brazillia Remix)');
INSERT INTO p420_tracklist(session_num, start_time, artist, track) VALUES (13, 1103, 'The Irresistible Force', 'Nepalese Fish Dances (Fila Brazillia Rmx)');
INSERT INTO p420_tracklist(session_num, start_time, artist, track) VALUES (13, 1422, 'Enrico Riva', 'The New Economy (Fresh Moods Remix)');
INSERT INTO p420_tracklist(session_num, start_time, artist, track) VALUES (13, 1764, 'Massive Attack', 'Group Four (Mad Professor Rmx)');
INSERT INTO p420_tracklist(session_num, start_time, artist, track) VALUES (13, 2117, 'Sofa Surfers', 'Sofa Rockers (Richard Dorfmeisters Rmx)');
INSERT INTO p420_tracklist(session_num, start_time, artist, track) VALUES (13, 2383, 'Global Youth', 'Connected Views');
INSERT INTO p420_tracklist(session_num, start_time, artist, track) VALUES (13, 2858, 'PFL', 'Airwalk');
INSERT INTO p420_tracklist(session_num, start_time, artist, track) VALUES (13, 3132, 'Quantum Leap', 'Sunset Flight');
INSERT INTO p420_tracklist(session_num, start_time, artist, track) VALUES (13, 3497, 'Sensorama', 'Echtzeit');
INSERT INTO p420_tracklist(session_num, start_time, artist, track) VALUES (13, 3854, 'Naoki Kenji', 'The Island');
INSERT INTO p420_tracklist(session_num, start_time, artist, track) VALUES (13, 4152, 'Amphotic', 'Marsbeat');
INSERT INTO p420_tracklist(session_num, start_time, artist, track) VALUES (13, 4478, 'JFC', 'Gliding Senses');
INSERT INTO p420_tracklist(session_num, start_time, artist, track) VALUES (13, 4729, 'Nu-Moon', 'Green Sand');
INSERT INTO p420_tracklist(session_num, start_time, artist, track) VALUES (13, 5110, 'Warp 69', 'Natural High (Global Communication Rmx)');
INSERT INTO p420_tracklist(session_num, start_time, artist, track) VALUES (13, 5474, 'Mono Chrome', 'Flowers In Ocean (Edit)');
INSERT INTO p420_tracklist(session_num, start_time, artist, track) VALUES (13, 5769, 'Thievery Corporation', 'It Takes A Thief (Version 2)');
INSERT INTO p420_tracklist(session_num, start_time, artist, track) VALUES (13, 6010, 'PFL', 'Mohinis Dub');
INSERT INTO p420_tracklist(session_num, start_time, artist, track) VALUES (13, 6305, 'System 7', 'Interstate (Doc Scott Rmx)');
INSERT INTO p420_tracklist(session_num, start_time, artist, track) VALUES (13, 6628, 'Funki Porcini', 'It''s A Long Road');
INSERT INTO p420_tracklist(session_num, start_time, artist, track) VALUES (13, 6845, 'Groove Armada', 'Lazy Moon');
INSERT INTO p420_tracklist(session_num, start_time, artist, track) VALUES (13, 7211, 'Nightmares On Wax', 'Les Nuits');
INSERT INTO p420_tracklist(session_num, start_time, artist, track) VALUES (14, 0, 'The Don Rendell / Ian Carr Quintet', 'Blue Mosque');
INSERT INTO p420_tracklist(session_num, start_time, artist, track) VALUES (14, 314, 'Mr. Projectile', 'Love Here (Original Mix)');
INSERT INTO p420_tracklist(session_num, start_time, artist, track) VALUES (14, 755, 'Ivo Sedlacek', 'Shakti');
INSERT INTO p420_tracklist(session_num, start_time, artist, track) VALUES (14, 1049, 'Jello', 'Vamillaglade');
INSERT INTO p420_tracklist(session_num, start_time, artist, track) VALUES (14, 1410, 'Hucky O''Bare', 'Quantum Captain Force');
INSERT INTO p420_tracklist(session_num, start_time, artist, track) VALUES (14, 1654, 'Modul', 'Win.Blue: Failed Or Succeed');
INSERT INTO p420_tracklist(session_num, start_time, artist, track) VALUES (14, 2122, 'Coldcut & Hexstatic', 'Timber (Journeyman Mix)');
INSERT INTO p420_tracklist(session_num, start_time, artist, track) VALUES (14, 2405, 'Spiralman', 'Grace (Instrumental)');
INSERT INTO p420_tracklist(session_num, start_time, artist, track) VALUES (14, 2668, 'Saturday Index', 'Partly Cloudy');
INSERT INTO p420_tracklist(session_num, start_time, artist, track) VALUES (14, 3030, 'Vultrapia', 'El Yunque');
INSERT INTO p420_tracklist(session_num, start_time, artist, track) VALUES (14, 3194, '833-45', 'Mayonaka');
INSERT INTO p420_tracklist(session_num, start_time, artist, track) VALUES (14, 3458, 'Aes Dana', 'Aftermath # 07');
INSERT INTO p420_tracklist(session_num, start_time, artist, track) VALUES (14, 3665, 'Praveen', 'Vespers');
INSERT INTO p420_tracklist(session_num, start_time, artist, track) VALUES (14, 3868, 'Spark', 'We Almost Didn''t Make It');
INSERT INTO p420_tracklist(session_num, start_time, artist, track) VALUES (14, 4118, 'NDelay', 'Generic Host Process');
INSERT INTO p420_tracklist(session_num, start_time, artist, track) VALUES (14, 4319, 'Kriipis Tulo', 'Hommikune Ujuja');
INSERT INTO p420_tracklist(session_num, start_time, artist, track) VALUES (14, 4716, 'Sohcahtoa', 'Silentfive');
INSERT INTO p420_tracklist(session_num, start_time, artist, track) VALUES (14, 4844, 'Benfay', 'Pltzliche Khle (Lufth Remix)');
INSERT INTO p420_tracklist(session_num, start_time, artist, track) VALUES (14, 5285, 'Gultskra Artikler', 'Teplo Spokoyno I Yabloko');
INSERT INTO p420_tracklist(session_num, start_time, artist, track) VALUES (14, 5465, 'SPARTALIEN', 'A Night With My Imaginary Friend');
INSERT INTO p420_tracklist(session_num, start_time, artist, track) VALUES (15, 0, 'The Conet Project', '(G2A) The Swedish Rhapsody');
INSERT INTO p420_tracklist(session_num, start_time, artist, track) VALUES (15, 225, 'Fennesz', 'The Point Of It All');
INSERT INTO p420_tracklist(session_num, start_time, artist, track) VALUES (15, 489, 'ayefelon', 'Coffee on a Tuesday');
INSERT INTO p420_tracklist(session_num, start_time, artist, track) VALUES (15, 653, 'Amon Tobin', 'Chomp Samba');
INSERT INTO p420_tracklist(session_num, start_time, artist, track) VALUES (15, 1014, 'Terranova', 'Chase The Blues (Original)');
INSERT INTO p420_tracklist(session_num, start_time, artist, track) VALUES (15, 1291, 'Waldeck', 'Cat People Dub');
INSERT INTO p420_tracklist(session_num, start_time, artist, track) VALUES (15, 1556, 'Animals On Wheels', 'Build A Church With Your Fear');
INSERT INTO p420_tracklist(session_num, start_time, artist, track) VALUES (15, 1929, 'Fila Brazillia', 'Bugs Will Bite');
INSERT INTO p420_tracklist(session_num, start_time, artist, track) VALUES (15, 2219, 'London Funk Allstars', 'Broadcasting Live From Planet Blapps!');
INSERT INTO p420_tracklist(session_num, start_time, artist, track) VALUES (15, 2705, 'Early Groovers', 'At The Scene Of The Prime');
INSERT INTO p420_tracklist(session_num, start_time, artist, track) VALUES (15, 2807, 'Bluntz', 'Aphrohead');
INSERT INTO p420_tracklist(session_num, start_time, artist, track) VALUES (15, 3096, 'Tosca', 'Annanas (G-corporation Dub)');
INSERT INTO p420_tracklist(session_num, start_time, artist, track) VALUES (15, 3485, 'Jah Wobble & Bill Laswell', 'Alsema Dub');
INSERT INTO p420_tracklist(session_num, start_time, artist, track) VALUES (15, 3815, 'The Modern Jazz Quartet', 'Adagio From The Guitar Concerto: Concerto De Aranjuez');
INSERT INTO p420_tracklist(session_num, start_time, artist, track) VALUES (15, 4457, 'Cujo', 'A Vida');
INSERT INTO p420_tracklist(session_num, start_time, artist, track) VALUES (15, 4696, 'Ryksopp', 'A Higher Place');
INSERT INTO p420_tracklist(session_num, start_time, artist, track) VALUES (15, 4953, 'DJ Shadow', '...Meets His Maker');
INSERT INTO p420_tracklist(session_num, start_time, artist, track) VALUES (15, 5126, 'Lackluster', '24/04/00');
INSERT INTO p420_tracklist(session_num, start_time, artist, track) VALUES (15, 5298, 'Mutant Data Orchestra', 'Zzyzx');
INSERT INTO p420_tracklist(session_num, start_time, artist, track) VALUES (15, 5508, 'Sweet Trip', 'To All The Dancers Of The World');
INSERT INTO p420_tracklist(session_num, start_time, artist, track) VALUES (15, 5885, 'Minimal Drone GRL', 'Taiga (Boreal CDA)');
INSERT INTO p420_tracklist(session_num, start_time, artist, track) VALUES (15, 6120, 'Le Mpris', 'Susu');
INSERT INTO p420_tracklist(session_num, start_time, artist, track) VALUES (15, 6418, 'Tim ''Love'' Lee', 'Sombre Hombre');
INSERT INTO p420_tracklist(session_num, start_time, artist, track) VALUES (15, 6688, 'Lux', 'Northern Lights');
INSERT INTO p420_tracklist(session_num, start_time, artist, track) VALUES (15, 6982, 'Sounds From The Ground', 'Moving Into A New Space');
INSERT INTO p420_tracklist(session_num, start_time, artist, track) VALUES (15, 7336, 'De-Phazz', 'Maybe San Jos');
INSERT INTO p420_tracklist(session_num, start_time, artist, track) VALUES (15, 7546, 'Groove Armada', 'Join Hands');
INSERT INTO p420_tracklist(session_num, start_time, artist, track) VALUES (15, 7773, 'EU', 'Gerp');
INSERT INTO p420_tracklist(session_num, start_time, artist, track) VALUES (15, 8041, 'Northbound', 'Funny Stones');
INSERT INTO p420_tracklist(session_num, start_time, artist, track) VALUES (15, 8365, 'we could die here', 'deer');
INSERT INTO p420_tracklist(session_num, start_time, artist, track) VALUES (15, 8525, 'Tosca', 'Wien In E [Session 3]');
INSERT INTO p420_tracklist(session_num, start_time, artist, track) VALUES (15, 8725, 'Liudas Svirskas', 'V Impro');
INSERT INTO p420_tracklist(session_num, start_time, artist, track) VALUES (15, 9223, 'Philipp Weigl', 'Underwater Dancer');
INSERT INTO p420_tracklist(session_num, start_time, artist, track) VALUES (15, 9595, 'The Cinematic Orchestra', 'To Believe (feat. Moses Sumney)');
INSERT INTO p420_tracklist(session_num, start_time, artist, track) VALUES (15, 9890, 'Bonobo', 'The Fever');
INSERT INTO p420_tracklist(session_num, start_time, artist, track) VALUES (15, 10139, 'Ski', 'Fifths (Jazzanova 6 Sickth Mix)');
INSERT INTO p420_tracklist(session_num, start_time, artist, track) VALUES (15, 10607, 'Busta Rhymes', 'Enjoy Da Ride');
INSERT INTO p420_tracklist(session_num, start_time, artist, track) VALUES (15, 10818, 'Thrust', 'Do You Understand (Scam Remix)');
INSERT INTO p420_tracklist(session_num, start_time, artist, track) VALUES (16, 0, 'Two Hands | One Engine', 'North of Seventy');
INSERT INTO p420_tracklist(session_num, start_time, artist, track) VALUES (16, 273, 'Bobby Hughes Experience', 'My French Borther');
INSERT INTO p420_tracklist(session_num, start_time, artist, track) VALUES (16, 511, 'Sofa Surfers', 'Bon Voyage');
INSERT INTO p420_tracklist(session_num, start_time, artist, track) VALUES (16, 794, 'Seba', 'The Lost Key');
INSERT INTO p420_tracklist(session_num, start_time, artist, track) VALUES (16, 1165, '14KT', 'Down The Street From Peace');
INSERT INTO p420_tracklist(session_num, start_time, artist, track) VALUES (16, 1470, 'DJ Vadim', 'Lord Forgive Me');
INSERT INTO p420_tracklist(session_num, start_time, artist, track) VALUES (16, 1747, 'Count Basic', 'Speechless (Drum & Bass)');
INSERT INTO p420_tracklist(session_num, start_time, artist, track) VALUES (16, 2072, 'DOL', 'Rise');
INSERT INTO p420_tracklist(session_num, start_time, artist, track) VALUES (16, 2514, 'Marsen Jules', 'Yara 03');
INSERT INTO p420_tracklist(session_num, start_time, artist, track) VALUES (16, 2795, 'Phoenix #2772', 'We Will Be Remembered');
INSERT INTO p420_tracklist(session_num, start_time, artist, track) VALUES (16, 2945, 'Hedfunk', 'The Dawn');
INSERT INTO p420_tracklist(session_num, start_time, artist, track) VALUES (16, 3232, 'The Clifford Gilberto Rhythm Combination', 'I Wish I Was A Motown Star');
INSERT INTO p420_tracklist(session_num, start_time, artist, track) VALUES (16, 3466, 'falls', 'se1');
INSERT INTO p420_tracklist(session_num, start_time, artist, track) VALUES (16, 3729, 'stockfinster', 'All Becomes Music');
INSERT INTO p420_tracklist(session_num, start_time, artist, track) VALUES (16, 4092, 'dude26', 'Tut es immernoch');
INSERT INTO p420_tracklist(session_num, start_time, artist, track) VALUES (16, 4295, 'j^p^n', 'cavern. []');
INSERT INTO p420_tracklist(session_num, start_time, artist, track) VALUES (16, 4442, 'Bonobo', 'Sleepy Seven');
INSERT INTO p420_tracklist(session_num, start_time, artist, track) VALUES (16, 4730, 'Small World', 'Livin'' Free (Soundtrack Mix)');
INSERT INTO p420_tracklist(session_num, start_time, artist, track) VALUES (16, 4997, 'Floris', 'One More Day');
INSERT INTO p420_tracklist(session_num, start_time, artist, track) VALUES (16, 5253, 'Ryksopp', 'In Space');
INSERT INTO p420_tracklist(session_num, start_time, artist, track) VALUES (16, 5448, 'Blockhead', 'Carnivors Unite');
INSERT INTO p420_tracklist(session_num, start_time, artist, track) VALUES (16, 5735, 'Boards Of Canada', 'Pete Standing Alone');
INSERT INTO p420_tracklist(session_num, start_time, artist, track) VALUES (16, 6090, 'Plaid', 'Lilith');
INSERT INTO p420_tracklist(session_num, start_time, artist, track) VALUES (16, 6416, 'DJ Shadow', 'Hindsight');
INSERT INTO p420_tracklist(session_num, start_time, artist, track) VALUES (16, 6747, 'UNKLE', 'Unreal');
INSERT INTO p420_tracklist(session_num, start_time, artist, track) VALUES (16, 7044, 'The Herbaliser', 'Wrong Place');
INSERT INTO p420_tracklist(session_num, start_time, artist, track) VALUES (17, 0, 'The Cinematic Orchestra', 'Evolution II (Mr P Remix)');
INSERT INTO p420_tracklist(session_num, start_time, artist, track) VALUES (17, 446, 'Aquasky', 'Images');
INSERT INTO p420_tracklist(session_num, start_time, artist, track) VALUES (17, 532, 'Peace Orchestra', 'Shining (Trby Trio Treatment)');
INSERT INTO p420_tracklist(session_num, start_time, artist, track) VALUES (17, 918, 'DJ Shadow', 'You Can''t Go Home Again');
INSERT INTO p420_tracklist(session_num, start_time, artist, track) VALUES (17, 1311, 'DAB (Digital Analog Band)', 'The Blues');
INSERT INTO p420_tracklist(session_num, start_time, artist, track) VALUES (17, 1699, 'Underworld', 'River Of Bass');
INSERT INTO p420_tracklist(session_num, start_time, artist, track) VALUES (17, 2081, 'The Future Sound Of London', 'Vit Drowning / Through Your Gills I Breathe');
INSERT INTO p420_tracklist(session_num, start_time, artist, track) VALUES (17, 2401, 'Color Filter With Sweet Trip', 'The Stars Above Me');
INSERT INTO p420_tracklist(session_num, start_time, artist, track) VALUES (17, 2816, 'Barracuda', 'Man On the Moon');
INSERT INTO p420_tracklist(session_num, start_time, artist, track) VALUES (17, 3143, 'Massive Attack', 'Black Milk');
INSERT INTO p420_tracklist(session_num, start_time, artist, track) VALUES (17, 3496, 'A Forest Mighty Black', 'Fresh In My Mind');
INSERT INTO p420_tracklist(session_num, start_time, artist, track) VALUES (17, 3835, 'A Forest Mighty Black', 'Till The End');
INSERT INTO p420_tracklist(session_num, start_time, artist, track) VALUES (17, 4028, 'DJ Shadow', 'Midnight In A Perfect World');
INSERT INTO p420_tracklist(session_num, start_time, artist, track) VALUES (17, 4319, 'Audio Lotion', 'Masque De Tristesse');
INSERT INTO p420_tracklist(session_num, start_time, artist, track) VALUES (17, 4698, 'Patchwork', 'Glow Worm');
INSERT INTO p420_tracklist(session_num, start_time, artist, track) VALUES (17, 4942, 'AIR', 'Ce Matin La');
INSERT INTO p420_tracklist(session_num, start_time, artist, track) VALUES (17, 5143, 'Lucrecia', 'Changing The Weather');
INSERT INTO p420_tracklist(session_num, start_time, artist, track) VALUES (17, 5342, 'Green Day', 'Good Riddance (Time Of Your Life)');
INSERT INTO p420_tracklist(session_num, start_time, artist, track) VALUES (17, 5490, 'AIR', 'All I Need');
INSERT INTO p420_tracklist(session_num, start_time, artist, track) VALUES (18, 0, 'Patchwork', 'Flughund');
INSERT INTO p420_tracklist(session_num, start_time, artist, track) VALUES (18, 430, 'DJ Cam', 'The Return Of The Jedi');
INSERT INTO p420_tracklist(session_num, start_time, artist, track) VALUES (18, 730, 'Funk 4 Sale', 'Ocean Games');
INSERT INTO p420_tracklist(session_num, start_time, artist, track) VALUES (18, 944, 'Sven Van Hees', 'Supafly (Hannah''s Lullaby)');
INSERT INTO p420_tracklist(session_num, start_time, artist, track) VALUES (18, 1141, 'dZihan & Kamien', 'Spacewater');
INSERT INTO p420_tracklist(session_num, start_time, artist, track) VALUES (18, 1405, 'dZihan & Kamien', 'Ocean Air');
INSERT INTO p420_tracklist(session_num, start_time, artist, track) VALUES (18, 1705, 'Urban Species', 'Destructive');
INSERT INTO p420_tracklist(session_num, start_time, artist, track) VALUES (18, 2000, 'Nemo', 'Darkest Day (World of Apples Remix)');
INSERT INTO p420_tracklist(session_num, start_time, artist, track) VALUES (18, 2315, 'Massive Attack', 'Teardrop');
INSERT INTO p420_tracklist(session_num, start_time, artist, track) VALUES (18, 2634, 'Urban Species', 'Blanket');
INSERT INTO p420_tracklist(session_num, start_time, artist, track) VALUES (18, 2956, 'Alphawezen', 'Electricity Drive');
INSERT INTO p420_tracklist(session_num, start_time, artist, track) VALUES (18, 3195, 'Amon Tobin', 'Searchers');
INSERT INTO p420_tracklist(session_num, start_time, artist, track) VALUES (18, 3520, 'David Byrne', 'Dance On Vaseline (Thievery Corporation Remix)');
INSERT INTO p420_tracklist(session_num, start_time, artist, track) VALUES (18, 3850, 'Thievery Corporation', 'Resolution');
INSERT INTO p420_tracklist(session_num, start_time, artist, track) VALUES (18, 4096, 'Le Wax', 'The End?');
INSERT INTO p420_tracklist(session_num, start_time, artist, track) VALUES (18, 4339, 'Exxon Yazz', 'Central King');
INSERT INTO p420_tracklist(session_num, start_time, artist, track) VALUES (18, 4490, 'Zero 7', 'Salt Water Sound');
INSERT INTO p420_tracklist(session_num, start_time, artist, track) VALUES (18, 4795, 'UNKLE', 'Chaos');
INSERT INTO p420_tracklist(session_num, start_time, artist, track) VALUES (18, 5049, 'Saint Germain', 'Jazz Potato');
INSERT INTO p420_tracklist(session_num, start_time, artist, track) VALUES (18, 5377, 'Groove Armada', 'Sex and The City Theme');
INSERT INTO p420_tracklist(session_num, start_time, artist, track) VALUES (18, 5677, 'DJ Food', 'Dark Lady');
INSERT INTO p420_tracklist(session_num, start_time, artist, track) VALUES (18, 5917, 'Brady', 'Motherless Child');
INSERT INTO p420_tracklist(session_num, start_time, artist, track) VALUES (18, 6205, 'Bonobo', 'Dinosaurs (Jon Kennedy Mix)');
INSERT INTO p420_tracklist(session_num, start_time, artist, track) VALUES (18, 6443, 'Daniel Paul & Tobe', 'My Day');
INSERT INTO p420_tracklist(session_num, start_time, artist, track) VALUES (18, 6759, 'Tony D', 'Piano Grand (Original Mix)');
INSERT INTO p420_tracklist(session_num, start_time, artist, track) VALUES (18, 6967, 'Salvador Group', 'Moksa');
INSERT INTO p420_tracklist(session_num, start_time, artist, track) VALUES (18, 7304, 'Static', 'Enceladus');
INSERT INTO p420_tracklist(session_num, start_time, artist, track) VALUES (18, 7536, 'Fleck', 'Tears');
INSERT INTO p420_tracklist(session_num, start_time, artist, track) VALUES (18, 7794, 'Fresh Moods', 'Rhythmbreeze');
INSERT INTO p420_tracklist(session_num, start_time, artist, track) VALUES (18, 8204, 'Ryksopp', 'Sparks');
INSERT INTO p420_tracklist(session_num, start_time, artist, track) VALUES (18, 8523, 'King Kooba', 'Fooling Myself (Kooba Batucada Mix)');
INSERT INTO p420_tracklist(session_num, start_time, artist, track) VALUES (18, 8934, 'Moon', 'Twisted Soul');
INSERT INTO p420_tracklist(session_num, start_time, artist, track) VALUES (19, 0, 'P.S.O.I.', 'June');
INSERT INTO p420_tracklist(session_num, start_time, artist, track) VALUES (19, 383, 'Jhon Doe', 'Stone Cold');
INSERT INTO p420_tracklist(session_num, start_time, artist, track) VALUES (19, 592, 'Eric Paque', 'Something About You');
INSERT INTO p420_tracklist(session_num, start_time, artist, track) VALUES (19, 880, 'Jaffa', 'Be Nude, Baby');
INSERT INTO p420_tracklist(session_num, start_time, artist, track) VALUES (19, 1169, 'Jazzanova', 'No Use');
INSERT INTO p420_tracklist(session_num, start_time, artist, track) VALUES (19, 1414, 'Lava', 'Vem Para Ficar (Main Mix)');
INSERT INTO p420_tracklist(session_num, start_time, artist, track) VALUES (19, 1734, 'Kid Loco', 'Relaxin'' With Cherry');
INSERT INTO p420_tracklist(session_num, start_time, artist, track) VALUES (19, 2064, 'Praful', 'Teardrop Butterfly');
INSERT INTO p420_tracklist(session_num, start_time, artist, track) VALUES (19, 2451, 'Early Groovers', 'Minimal Maintenance');
INSERT INTO p420_tracklist(session_num, start_time, artist, track) VALUES (19, 2787, 'Solid World', 'No Regrets');
INSERT INTO p420_tracklist(session_num, start_time, artist, track) VALUES (19, 3021, 'Cinerex', 'Life Is Silly');
INSERT INTO p420_tracklist(session_num, start_time, artist, track) VALUES (19, 3088, 'Funki Porcini', 'Venus');
INSERT INTO p420_tracklist(session_num, start_time, artist, track) VALUES (19, 3338, 'Bonobo', 'Something For Windy');
INSERT INTO p420_tracklist(session_num, start_time, artist, track) VALUES (19, 3397, 'Floris', 'Weight Of This World');
INSERT INTO p420_tracklist(session_num, start_time, artist, track) VALUES (19, 3651, 'Hint', 'Words To That Effect');
INSERT INTO p420_tracklist(session_num, start_time, artist, track) VALUES (19, 3994, 'DJ Food', 'The Crow...');
INSERT INTO p420_tracklist(session_num, start_time, artist, track) VALUES (19, 4435, 'Alois Huber', 'Sit Dub');
INSERT INTO p420_tracklist(session_num, start_time, artist, track) VALUES (19, 4851, 'While', 'Haze-3');
INSERT INTO p420_tracklist(session_num, start_time, artist, track) VALUES (19, 5140, 'Tongue', 'Culture Consumers');
INSERT INTO p420_tracklist(session_num, start_time, artist, track) VALUES (19, 5360, 'Portishead', 'Roads');
INSERT INTO p420_tracklist(session_num, start_time, artist, track) VALUES (19, 5660, 'Coldcut', 'Autumn Leaves (Irresistible Force Full Chill)');
INSERT INTO p420_tracklist(session_num, start_time, artist, track) VALUES (19, 6187, 'Fila Brazillia', 'New Chaos');
INSERT INTO p420_tracklist(session_num, start_time, artist, track) VALUES (19, 6285, 'DJ Shadow', 'What Does Your Soul Look Like, Pt. 3');
INSERT INTO p420_tracklist(session_num, start_time, artist, track) VALUES (19, 6570, 'Emperors New Clothes', 'Dark Light (Underdog Mix)');
INSERT INTO p420_tracklist(session_num, start_time, artist, track) VALUES (19, 6937, 'Saint Germain', 'Forget It');
INSERT INTO p420_tracklist(session_num, start_time, artist, track) VALUES (19, 7388, 'EU', 'Christmas');
INSERT INTO p420_tracklist(session_num, start_time, artist, track) VALUES (19, 7628, 'Lamb', 'Small');
INSERT INTO p420_tracklist(session_num, start_time, artist, track) VALUES (19, 7902, 'Bone Thugs ''n Harmony', '1St Of A Month (Pt.1, K&D Remix)');
INSERT INTO p420_tracklist(session_num, start_time, artist, track) VALUES (19, 8260, 'Plagasul & rich_1004_', 'Core');
INSERT INTO p420_tracklist(session_num, start_time, artist, track) VALUES (19, 8577, 'Nor Elle', 'Silent Storm');
INSERT INTO p420_tracklist(session_num, start_time, artist, track) VALUES (19, 9054, 'Shnare.sys', 'Nice Shoes Bitch');
INSERT INTO p420_tracklist(session_num, start_time, artist, track) VALUES (19, 9462, 'The Cinematic Orchestra', 'Evolution');
INSERT INTO p420_tracklist(session_num, start_time, artist, track) VALUES (19, 9850, 'Sofa Surfers', 'If It Were Not For You (Ian Simmonds Remix)');
INSERT INTO p420_tracklist(session_num, start_time, artist, track) VALUES (19, 10148, 'Peace Orchestra', 'Who Am I');
INSERT INTO p420_tracklist(session_num, start_time, artist, track) VALUES (19, 10486, 'Bauri', 'Fling');
INSERT INTO p420_tracklist(session_num, start_time, artist, track) VALUES (19, 10761, 'Tosca', 'John Tomes');
INSERT INTO p420_tracklist(session_num, start_time, artist, track) VALUES (19, 11051, 'Blockhead', 'Triptych Pt. 3');
INSERT INTO p420_tracklist(session_num, start_time, artist, track) VALUES (20, 0, 'Ooze', 'What''s Up');
INSERT INTO p420_tracklist(session_num, start_time, artist, track) VALUES (20, 560, 'D*Note', 'The Garden Of Earthly Delights');
INSERT INTO p420_tracklist(session_num, start_time, artist, track) VALUES (20, 1065, 'Bent', 'Admiral Backshot');
INSERT INTO p420_tracklist(session_num, start_time, artist, track) VALUES (20, 1399, 'Cybophonia', 'Cut n Paste (Hefner remix)');
INSERT INTO p420_tracklist(session_num, start_time, artist, track) VALUES (20, 1720, 'Baby Fox', 'Ladybird (Cujo Remix)');
INSERT INTO p420_tracklist(session_num, start_time, artist, track) VALUES (20, 2016, 'Pretty Boy Crossover', '17 Steps');
INSERT INTO p420_tracklist(session_num, start_time, artist, track) VALUES (20, 2284, 'Gnarls Barkley', 'Crazy (Alternate Slow Version)');
INSERT INTO p420_tracklist(session_num, start_time, artist, track) VALUES (20, 2574, 'Beastie Boys', 'Picture This');
INSERT INTO p420_tracklist(session_num, start_time, artist, track) VALUES (20, 2711, 'Boards Of Canada', 'Tears From The Compound Eye');
INSERT INTO p420_tracklist(session_num, start_time, artist, track) VALUES (20, 2863, 'Digital Science ', 'Snowie White');
INSERT INTO p420_tracklist(session_num, start_time, artist, track) VALUES (20, 3207, 'Clorofila Azul', 'Machine In Deep Sleep');
INSERT INTO p420_tracklist(session_num, start_time, artist, track) VALUES (20, 3449, 'BVA', 'Insomnileptic');
INSERT INTO p420_tracklist(session_num, start_time, artist, track) VALUES (20, 3611, 'Cypress Hill', 'Illusions (Alternate Version)');
INSERT INTO p420_tracklist(session_num, start_time, artist, track) VALUES (20, 3801, 'Kelis', 'Suspended');
INSERT INTO p420_tracklist(session_num, start_time, artist, track) VALUES (20, 4075, 'Daft Punk', 'Something About Us');
INSERT INTO p420_tracklist(session_num, start_time, artist, track) VALUES (20, 4200, 'Kelpe', 'Nice Eyes In My Size');
INSERT INTO p420_tracklist(session_num, start_time, artist, track) VALUES (20, 4481, 'Ian D Hawgood', 'Remembering The Way Things Used To Be');
INSERT INTO p420_tracklist(session_num, start_time, artist, track) VALUES (20, 5129, 'Axel Krygier', 'Vuelan Las Hojas');
INSERT INTO p420_tracklist(session_num, start_time, artist, track) VALUES (20, 5304, 'Akino Arai', 'Beautiful Feeling - Piano Ver.');
INSERT INTO p420_tracklist(session_num, start_time, artist, track) VALUES (20, 5410, 'Yuki Kajiura', 'At Dusk');
INSERT INTO p420_tracklist(session_num, start_time, artist, track) VALUES (20, 5508, 'Beastie Boys', 'I Don''t Know');
INSERT INTO p420_tracklist(session_num, start_time, artist, track) VALUES (20, 5685, 'Mr. Scruff', 'Traveloque');
INSERT INTO p420_tracklist(session_num, start_time, artist, track) VALUES (20, 6001, 'Orange Crush', 'Sky Signals');
INSERT INTO p420_tracklist(session_num, start_time, artist, track) VALUES (20, 6140, 'The Irresistible Force', 'Nepalese Bliss (Jimpster Mix)');
INSERT INTO p420_tracklist(session_num, start_time, artist, track) VALUES (20, 6442, 'Iambic', 'These Lights');
INSERT INTO p420_tracklist(session_num, start_time, artist, track) VALUES (20, 6822, 'Bush', '40 Miles From The Sun');
INSERT INTO p420_tracklist(session_num, start_time, artist, track) VALUES (21, 0, 'Mark.Nine', 'From All Things Depending (Glitched Remix)');
INSERT INTO p420_tracklist(session_num, start_time, artist, track) VALUES (21, 405, 'Proem', '7 Stitches');
INSERT INTO p420_tracklist(session_num, start_time, artist, track) VALUES (21, 576, 'Sleepy Town Manufacture', 'O Nei');
INSERT INTO p420_tracklist(session_num, start_time, artist, track) VALUES (21, 795, 'Nest', 'Charlotte');
INSERT INTO p420_tracklist(session_num, start_time, artist, track) VALUES (21, 1057, 'This Mess Is Mine', 'Family Tree Burning');
INSERT INTO p420_tracklist(session_num, start_time, artist, track) VALUES (21, 1340, 'Galaktlan', 'Kindralmidi');
INSERT INTO p420_tracklist(session_num, start_time, artist, track) VALUES (21, 1630, 'muxu', 'Hishiko');
INSERT INTO p420_tracklist(session_num, start_time, artist, track) VALUES (21, 1834, 'Transient', 'Hexual Ceiling');
INSERT INTO p420_tracklist(session_num, start_time, artist, track) VALUES (21, 2141, 'Blondin', 'Perm: YKMD');
INSERT INTO p420_tracklist(session_num, start_time, artist, track) VALUES (21, 2377, 'Falcon', 'Nicollete');
INSERT INTO p420_tracklist(session_num, start_time, artist, track) VALUES (21, 2778, 'stockfinster', 'Dismantled');
INSERT INTO p420_tracklist(session_num, start_time, artist, track) VALUES (21, 3030, 'Le Mpris', 'Hashirihaki Suru');
INSERT INTO p420_tracklist(session_num, start_time, artist, track) VALUES (21, 3285, 'arT2', 'Late-Night J');
INSERT INTO p420_tracklist(session_num, start_time, artist, track) VALUES (21, 3532, 'Mr. Moods', 'A Romantic Affair');
INSERT INTO p420_tracklist(session_num, start_time, artist, track) VALUES (21, 3786, '~~~', 'Lonely Homes');
INSERT INTO p420_tracklist(session_num, start_time, artist, track) VALUES (21, 4051, 'Global Communication', 'Maiden Voyage');
INSERT INTO p420_tracklist(session_num, start_time, artist, track) VALUES (21, 4350, 'Apparat', 'Get Out Of Your Krib');
INSERT INTO p420_tracklist(session_num, start_time, artist, track) VALUES (21, 4586, 'Hird feat. Yukimi Nagano', 'Keep You Kimi');
INSERT INTO p420_tracklist(session_num, start_time, artist, track) VALUES (21, 4952, 'Waldeck', 'This Isn''t Maybe');
INSERT INTO p420_tracklist(session_num, start_time, artist, track) VALUES (21, 5171, 'Fauna Flash', 'Taurus');
INSERT INTO p420_tracklist(session_num, start_time, artist, track) VALUES (21, 5522, 'Clutter', 'Fears All Gone Now');
INSERT INTO p420_tracklist(session_num, start_time, artist, track) VALUES (21, 6178, 'Ender', 'I''m Not Saying It Wasn''t a Nice Evening');
INSERT INTO p420_tracklist(session_num, start_time, artist, track) VALUES (21, 6420, 'Blu Rum 13', 'Did You');
INSERT INTO p420_tracklist(session_num, start_time, artist, track) VALUES (21, 6579, 'Bunko Stew', 'Let It Go');
INSERT INTO p420_tracklist(session_num, start_time, artist, track) VALUES (22, 0, 'Myele Manzanza', 'Itaru''s Phone Booth');
INSERT INTO p420_tracklist(session_num, start_time, artist, track) VALUES (22, 387, 'Dynamic Syncopation', 'Bahian B-Boy');
INSERT INTO p420_tracklist(session_num, start_time, artist, track) VALUES (22, 684, 'A Tribe Called Quest', 'Description Of A Fool (Groove Armada''s Acoustic Mix)');
INSERT INTO p420_tracklist(session_num, start_time, artist, track) VALUES (22, 972, 'Pulsar Bleu', 'The Jupiter-Project - Relieve');
INSERT INTO p420_tracklist(session_num, start_time, artist, track) VALUES (22, 1179, 'O.M.U.', 'Desert In Your Eyes');
INSERT INTO p420_tracklist(session_num, start_time, artist, track) VALUES (22, 1414, 'Tosca', 'Busenfreund');
INSERT INTO p420_tracklist(session_num, start_time, artist, track) VALUES (22, 1685, 'Julius Kammerl', 'Venue');
INSERT INTO p420_tracklist(session_num, start_time, artist, track) VALUES (22, 2040, 'Mr. Moods', 'Variations');
INSERT INTO p420_tracklist(session_num, start_time, artist, track) VALUES (22, 2262, 'The Sushi Club', 'Koi');
INSERT INTO p420_tracklist(session_num, start_time, artist, track) VALUES (22, 2528, 'Babel', 'Shaman');
INSERT INTO p420_tracklist(session_num, start_time, artist, track) VALUES (22, 2745, 'Meitz', 'Can You Live');
INSERT INTO p420_tracklist(session_num, start_time, artist, track) VALUES (22, 3025, 'Jaffa', 'Interlude');
INSERT INTO p420_tracklist(session_num, start_time, artist, track) VALUES (22, 3245, 'Karma', 'My Resting Place');
INSERT INTO p420_tracklist(session_num, start_time, artist, track) VALUES (22, 3510, 'Dadamnphreaknoizphunk', 'Complex Dinner Wardrobe');
INSERT INTO p420_tracklist(session_num, start_time, artist, track) VALUES (22, 3788, 'Esionjim', 'Halcyon Daze');
INSERT INTO p420_tracklist(session_num, start_time, artist, track) VALUES (22, 4156, 'Edwin Starr', 'Easin'' In');
INSERT INTO p420_tracklist(session_num, start_time, artist, track) VALUES (22, 4328, 'Up, Bustle & Out', 'Y Ahora Tu');
INSERT INTO p420_tracklist(session_num, start_time, artist, track) VALUES (22, 4617, 'Yonderboi', 'Fairy Of The Lake');
INSERT INTO p420_tracklist(session_num, start_time, artist, track) VALUES (22, 4904, 'Childhood', 'Love Saw It');
INSERT INTO p420_tracklist(session_num, start_time, artist, track) VALUES (23, 0, 'Boards Of Canada', 'The Color Of The Fire');
INSERT INTO p420_tracklist(session_num, start_time, artist, track) VALUES (23, 137, 'The Herbaliser', 'Real Killer, Pt. 2 (Rooftop Prowler)');
INSERT INTO p420_tracklist(session_num, start_time, artist, track) VALUES (23, 470, 'Asian Dub Foundation', 'Change A Gonna Come');
INSERT INTO p420_tracklist(session_num, start_time, artist, track) VALUES (23, 646, 'UNKLE', 'The Knock (Drums Of Death Part 2)');
INSERT INTO p420_tracklist(session_num, start_time, artist, track) VALUES (23, 880, 'La', 'Ti  li');
INSERT INTO p420_tracklist(session_num, start_time, artist, track) VALUES (23, 1120, 'London Funk Allstars', 'Love Is What We Need');
INSERT INTO p420_tracklist(session_num, start_time, artist, track) VALUES (23, 1276, 'Verb T', 'Nobody''s Perfect Feat. Datkid');
INSERT INTO p420_tracklist(session_num, start_time, artist, track) VALUES (23, 1515, 'Soehngenetic', 'Terre De Tig');
INSERT INTO p420_tracklist(session_num, start_time, artist, track) VALUES (23, 1732, 'Alpha.', 'My Things');
INSERT INTO p420_tracklist(session_num, start_time, artist, track) VALUES (23, 1980, 'Koop', 'Bright Nights');
INSERT INTO p420_tracklist(session_num, start_time, artist, track) VALUES (23, 2206, 'Deadbeats', 'Funky For You');
INSERT INTO p420_tracklist(session_num, start_time, artist, track) VALUES (23, 2573, 'Beats International', 'Invasion Of The Estate Agents');
INSERT INTO p420_tracklist(session_num, start_time, artist, track) VALUES (23, 2862, 'Blackfish', 'Sea Traffic');
INSERT INTO p420_tracklist(session_num, start_time, artist, track) VALUES (23, 3276, 'Valkir', 'Machinary Cry');
INSERT INTO p420_tracklist(session_num, start_time, artist, track) VALUES (23, 3482, 'Renu', 'Come Out And Play With The Sun');
INSERT INTO p420_tracklist(session_num, start_time, artist, track) VALUES (23, 3810, 'The Herbaliser', 'Forty Winks');
INSERT INTO p420_tracklist(session_num, start_time, artist, track) VALUES (23, 3971, 'Xploding Plastix', '6 Hours Starlight');
INSERT INTO p420_tracklist(session_num, start_time, artist, track) VALUES (23, 4168, 'DJ Pulse & Jazz Cartel', 'Street Player');
INSERT INTO p420_tracklist(session_num, start_time, artist, track) VALUES (23, 4425, 'Ghostwerk', 'When I Creep');
INSERT INTO p420_tracklist(session_num, start_time, artist, track) VALUES (23, 4698, 'Verb T', 'Lifesaver Feat. The Four Owls');
INSERT INTO p420_tracklist(session_num, start_time, artist, track) VALUES (23, 4957, 'Manual & Syntaks', 'A Perfect Solitude');
INSERT INTO p420_tracklist(session_num, start_time, artist, track) VALUES (23, 5370, 'Journeyman', 'Mama 6 (Part 2)');
INSERT INTO p420_tracklist(session_num, start_time, artist, track) VALUES (23, 5678, 'Tomas Dvorak', 'Nanorobot Tune');
INSERT INTO p420_tracklist(session_num, start_time, artist, track) VALUES (23, 5865, 'Selffish', 'Bare Poles');
INSERT INTO p420_tracklist(session_num, start_time, artist, track) VALUES (23, 6281, 'Amon Tobin', 'Saboteur');
INSERT INTO p420_tracklist(session_num, start_time, artist, track) VALUES (23, 6594, 'Blumentopf', 'Leise Tne');
INSERT INTO p420_tracklist(session_num, start_time, artist, track) VALUES (23, 6807, 'BROCKBEATS', 'Calee');
INSERT INTO p420_tracklist(session_num, start_time, artist, track) VALUES (24, 0, 'Fatboy Slim', 'The Weekend Starts Here');
INSERT INTO p420_tracklist(session_num, start_time, artist, track) VALUES (24, 404, 'Kruder & Dorfmeister', 'Original Bedroom Rockers');
INSERT INTO p420_tracklist(session_num, start_time, artist, track) VALUES (24, 737, 'Barry White', 'Playing Your Game Baby');
INSERT INTO p420_tracklist(session_num, start_time, artist, track) VALUES (24, 1103, 'Funkstrung', 'I Want Some Fun');
INSERT INTO p420_tracklist(session_num, start_time, artist, track) VALUES (24, 1391, 'Les Gammas', 'Outra Vida');
INSERT INTO p420_tracklist(session_num, start_time, artist, track) VALUES (24, 1720, 'Herwig Holzmann', '... This World From Turning');
INSERT INTO p420_tracklist(session_num, start_time, artist, track) VALUES (24, 2200, 'Hedfunk', 'Inosan');
INSERT INTO p420_tracklist(session_num, start_time, artist, track) VALUES (24, 2557, 'Thomas D', 'Lo-oser');
INSERT INTO p420_tracklist(session_num, start_time, artist, track) VALUES (24, 2781, 'Guru', 'Looking Through Darkness');
INSERT INTO p420_tracklist(session_num, start_time, artist, track) VALUES (24, 3051, 'The Isolationist', 'Human Resource Activation Message');
INSERT INTO p420_tracklist(session_num, start_time, artist, track) VALUES (24, 3138, 'Vista Kid Cruiser', 'Heart');
INSERT INTO p420_tracklist(session_num, start_time, artist, track) VALUES (24, 3243, 'ID C', 'After Hours');
INSERT INTO p420_tracklist(session_num, start_time, artist, track) VALUES (24, 3438, 'SYLLABUS', 'Beach Morning ~ Underwater');
INSERT INTO p420_tracklist(session_num, start_time, artist, track) VALUES (24, 3575, 'Phoneheads', 'Comano');
INSERT INTO p420_tracklist(session_num, start_time, artist, track) VALUES (24, 3915, 'Teotima', 'But I Can''t (K15 Remix)');
INSERT INTO p420_tracklist(session_num, start_time, artist, track) VALUES (24, 4171, 'Wondabraa', 'Draft');
INSERT INTO p420_tracklist(session_num, start_time, artist, track) VALUES (24, 4445, 'The Clifford Gilberto Rhythm Combination', 'B-low');
INSERT INTO p420_tracklist(session_num, start_time, artist, track) VALUES (24, 4558, 'squid ethics', 'spring fever');
INSERT INTO p420_tracklist(session_num, start_time, artist, track) VALUES (24, 4670, 'Oddisee', 'Silver Lining');
INSERT INTO p420_tracklist(session_num, start_time, artist, track) VALUES (24, 4881, 'Scruffnuk Dust', 'Breakfast');
INSERT INTO p420_tracklist(session_num, start_time, artist, track) VALUES (24, 5102, 'j^p^n', 'luce. []');
INSERT INTO p420_tracklist(session_num, start_time, artist, track) VALUES (24, 5223, 'Soul Drummers', 'East Side Story');
INSERT INTO p420_tracklist(session_num, start_time, artist, track) VALUES (24, 5548, 'The Herbaliser', 'Mrs. Chombee Takes The Plunge (DJ Food mix)');
INSERT INTO p420_tracklist(session_num, start_time, artist, track) VALUES (24, 5888, 'Amon Tobin', 'Slowly');
INSERT INTO p420_tracklist(session_num, start_time, artist, track) VALUES (24, 6205, 'Aesop Rock', 'Get Out of the Car');
INSERT INTO p420_tracklist(session_num, start_time, artist, track) VALUES (25, 0, 'Amon Tobin', 'El Chimi');
INSERT INTO p420_tracklist(session_num, start_time, artist, track) VALUES (25, 316, 'Flanger', 'Outer Space/Inner Space');
INSERT INTO p420_tracklist(session_num, start_time, artist, track) VALUES (25, 608, 'Cooltrain', 'Down The Strip');
INSERT INTO p420_tracklist(session_num, start_time, artist, track) VALUES (25, 809, 'The Herbaliser', 'Road Of Many Signs');
INSERT INTO p420_tracklist(session_num, start_time, artist, track) VALUES (25, 1100, 'Mister Serv', 'The Tide Of Change');
INSERT INTO p420_tracklist(session_num, start_time, artist, track) VALUES (25, 1191, 'Block 16', 'Slow Hot Wind');
INSERT INTO p420_tracklist(session_num, start_time, artist, track) VALUES (25, 1358, 'DJ Food', 'Full Bleed');
INSERT INTO p420_tracklist(session_num, start_time, artist, track) VALUES (25, 1668, 'Nitin Sawhney', 'Street Guru (Part One)');
INSERT INTO p420_tracklist(session_num, start_time, artist, track) VALUES (25, 1803, 'Blame', 'Revival');
INSERT INTO p420_tracklist(session_num, start_time, artist, track) VALUES (25, 2238, 'Troublemakers', 'Chez Roger Boite Funk');
INSERT INTO p420_tracklist(session_num, start_time, artist, track) VALUES (25, 2383, 'Dynamic Syncopation', 'No Qualms');
INSERT INTO p420_tracklist(session_num, start_time, artist, track) VALUES (25, 2718, 'The Herbaliser', 'Mr. Holmes');
INSERT INTO p420_tracklist(session_num, start_time, artist, track) VALUES (25, 3153, 'J Swinscoe', 'Goatee Part I');
INSERT INTO p420_tracklist(session_num, start_time, artist, track) VALUES (25, 3485, 'Letna', 'Moment');
INSERT INTO p420_tracklist(session_num, start_time, artist, track) VALUES (25, 3774, 'Daniel Maze', 'Take Me To The Equator');
INSERT INTO p420_tracklist(session_num, start_time, artist, track) VALUES (25, 4050, 'Sul.a', 'Until Then');
INSERT INTO p420_tracklist(session_num, start_time, artist, track) VALUES (25, 4326, 'Vesna', 'Alaska');
INSERT INTO p420_tracklist(session_num, start_time, artist, track) VALUES (25, 4628, 'Uniquetunes', 'Unsuspected Usuallism');
INSERT INTO p420_tracklist(session_num, start_time, artist, track) VALUES (25, 4829, 'Electrotwist', 'I Wonder What Their Next Move Will Be');
INSERT INTO p420_tracklist(session_num, start_time, artist, track) VALUES (25, 5068, 'Nitin Sawhney', 'Street Guru (Part Two)');
INSERT INTO p420_tracklist(session_num, start_time, artist, track) VALUES (25, 5138, 'j^p^n', 'starcross. []');
INSERT INTO p420_tracklist(session_num, start_time, artist, track) VALUES (25, 5320, 'Torch', 'Kapitel 29');
INSERT INTO p420_tracklist(session_num, start_time, artist, track) VALUES (26, 0, 'DJ Vadim', 'Getting Friendly');
INSERT INTO p420_tracklist(session_num, start_time, artist, track) VALUES (26, 42, 'The Herbaliser', 'Starlight');
INSERT INTO p420_tracklist(session_num, start_time, artist, track) VALUES (26, 340, 'Eminem', 'It''s OK');
INSERT INTO p420_tracklist(session_num, start_time, artist, track) VALUES (26, 541, 'Sven Van Hees', 'Ocean Jive');
INSERT INTO p420_tracklist(session_num, start_time, artist, track) VALUES (26, 788, 'Ticon', 'The First Moment');
INSERT INTO p420_tracklist(session_num, start_time, artist, track) VALUES (26, 1101, 'AlienScientist', 'Anti-Gravity');
INSERT INTO p420_tracklist(session_num, start_time, artist, track) VALUES (26, 1148, 'Clorofila Azul', 'Slowly She Falls Down');
INSERT INTO p420_tracklist(session_num, start_time, artist, track) VALUES (26, 1417, 'Patchwork', 'Frequencies');
INSERT INTO p420_tracklist(session_num, start_time, artist, track) VALUES (26, 1772, 'Taho', 'The River Of Grace');
INSERT INTO p420_tracklist(session_num, start_time, artist, track) VALUES (26, 2226, 'Audio Lotion', 'Alabaster');
INSERT INTO p420_tracklist(session_num, start_time, artist, track) VALUES (26, 2595, 'The Cinematic Orchestra', 'Wait For Now/Leave The World (feat. Tawiah)');
INSERT INTO p420_tracklist(session_num, start_time, artist, track) VALUES (26, 3003, 'Portishead', 'Lot More');
INSERT INTO p420_tracklist(session_num, start_time, artist, track) VALUES (26, 3256, 'SPARTALIEN', 'After All');
INSERT INTO p420_tracklist(session_num, start_time, artist, track) VALUES (26, 3553, 'j^p^n', 'lows. []');
INSERT INTO p420_tracklist(session_num, start_time, artist, track) VALUES (26, 3620, 'Saint Germain', 'Sure Thing');
INSERT INTO p420_tracklist(session_num, start_time, artist, track) VALUES (26, 3993, 'Sunclef', 'Catch A Drift');
INSERT INTO p420_tracklist(session_num, start_time, artist, track) VALUES (26, 4172, 'NASA', 'Mars Phoenix Landing');
INSERT INTO p420_tracklist(session_num, start_time, artist, track) VALUES (26, 4254, 'Taran', 'Elstar');
INSERT INTO p420_tracklist(session_num, start_time, artist, track) VALUES (26, 4706, 'Red Snapper', 'The Paranoid');
INSERT INTO p420_tracklist(session_num, start_time, artist, track) VALUES (26, 5043, '4 Hero', 'Time');
INSERT INTO p420_tracklist(session_num, start_time, artist, track) VALUES (26, 5316, 'Audio Lotion', 'Milonga Del ngel');
INSERT INTO p420_tracklist(session_num, start_time, artist, track) VALUES (26, 5605, 'Bullitnuts', 'Maana');
INSERT INTO p420_tracklist(session_num, start_time, artist, track) VALUES (26, 5978, 'jinsang', 'Mirage');
INSERT INTO p420_tracklist(session_num, start_time, artist, track) VALUES (26, 6088, 'eriksati3', 'HELPME');
INSERT INTO p420_tracklist(session_num, start_time, artist, track) VALUES (26, 6152, 'The Dining Rooms', 'Maria');
INSERT INTO p420_tracklist(session_num, start_time, artist, track) VALUES (26, 6402, 'Beastie Boys', 'Namast');
INSERT INTO p420_tracklist(session_num, start_time, artist, track) VALUES (26, 6626, 'The Conet Project', '(G7) Achtung!');
INSERT INTO p420_tracklist(session_num, start_time, artist, track) VALUES (26, 6633, 'Burial', 'Night Bus');
INSERT INTO p420_tracklist(session_num, start_time, artist, track) VALUES (26, 6750, 'Twizzle', 'Black Elk Mountain');
INSERT INTO p420_tracklist(session_num, start_time, artist, track) VALUES (26, 6999, 'Terranova', 'Midnight Melodic');
INSERT INTO p420_tracklist(session_num, start_time, artist, track) VALUES (26, 7243, 'Ian Pooley', 'Since Then');
INSERT INTO p420_tracklist(session_num, start_time, artist, track) VALUES (27, 0, 'The Timewriter', 'Jesus');
INSERT INTO p420_tracklist(session_num, start_time, artist, track) VALUES (27, 112, 'Boozoo Bajou', 'Under My Sensi');
INSERT INTO p420_tracklist(session_num, start_time, artist, track) VALUES (27, 472, 'Re''sequence', 'Vertigo');
INSERT INTO p420_tracklist(session_num, start_time, artist, track) VALUES (27, 670, 'Eivind Aarset', 'Dark Moisture');
INSERT INTO p420_tracklist(session_num, start_time, artist, track) VALUES (27, 1080, 'DJ Food', 'Fungle Junk');
INSERT INTO p420_tracklist(session_num, start_time, artist, track) VALUES (27, 1555, 'The Clifford Gilberto Rhythm Combination', 'Kula World');
INSERT INTO p420_tracklist(session_num, start_time, artist, track) VALUES (27, 1864, 'Mono Deluxe', 'Day Off');
INSERT INTO p420_tracklist(session_num, start_time, artist, track) VALUES (27, 2014, 'Killa Kela', 'Step Then');
INSERT INTO p420_tracklist(session_num, start_time, artist, track) VALUES (27, 2136, 'Afterlife', '5th & Avenida');
INSERT INTO p420_tracklist(session_num, start_time, artist, track) VALUES (27, 2443, 'Kid Loco', 'Calling Aventura King');
INSERT INTO p420_tracklist(session_num, start_time, artist, track) VALUES (27, 2753, 'Early Groovers', 'Makin'' It To Clean');
INSERT INTO p420_tracklist(session_num, start_time, artist, track) VALUES (27, 3081, 'More Ghost Than Man', 'The Courage To Lie To A Dying Man');
INSERT INTO p420_tracklist(session_num, start_time, artist, track) VALUES (27, 3244, 'DJ Shadow', 'If I Died Today');
INSERT INTO p420_tracklist(session_num, start_time, artist, track) VALUES (27, 3376, '1954', 'It Was Love');
INSERT INTO p420_tracklist(session_num, start_time, artist, track) VALUES (27, 3568, 'Faithless', 'Mass Destruction');
INSERT INTO p420_tracklist(session_num, start_time, artist, track) VALUES (27, 3766, 'Fern', 'Sie Kamen Und ...');
INSERT INTO p420_tracklist(session_num, start_time, artist, track) VALUES (27, 3918, 'Deadbeat', 'Head Over Heels');
INSERT INTO p420_tracklist(session_num, start_time, artist, track) VALUES (27, 4298, 'Fila Brazillia', 'Dervish Controller');
INSERT INTO p420_tracklist(session_num, start_time, artist, track) VALUES (27, 4562, 'Lewis Taylor', 'Lucky (Kruder & Dorfmeister Suicide Mix)');
INSERT INTO p420_tracklist(session_num, start_time, artist, track) VALUES (27, 4900, 'dude&phaeb', 'Groschenroman');
INSERT INTO p420_tracklist(session_num, start_time, artist, track) VALUES (27, 5037, 'SinQ', 'Be Brave');
INSERT INTO p420_tracklist(session_num, start_time, artist, track) VALUES (27, 5388, 'Oddisee', 'Want To Be');
INSERT INTO p420_tracklist(session_num, start_time, artist, track) VALUES (28, 0, 'The Timewriter', 'Travelogue');
INSERT INTO p420_tracklist(session_num, start_time, artist, track) VALUES (28, 140, 'Leben', 'Molly Has Been Cured');
INSERT INTO p420_tracklist(session_num, start_time, artist, track) VALUES (28, 398, 'Marihiko Hara', 'Modena');
INSERT INTO p420_tracklist(session_num, start_time, artist, track) VALUES (28, 574, 'Eivind Aarset', 'Namib');
INSERT INTO p420_tracklist(session_num, start_time, artist, track) VALUES (28, 741, 'Karras', 'June Moon');
INSERT INTO p420_tracklist(session_num, start_time, artist, track) VALUES (28, 1082, 'Proswell', 'Ilipuru');
INSERT INTO p420_tracklist(session_num, start_time, artist, track) VALUES (28, 1262, 'Fever Asym', 'Place');
INSERT INTO p420_tracklist(session_num, start_time, artist, track) VALUES (28, 1506, '', 'loosing everything');
INSERT INTO p420_tracklist(session_num, start_time, artist, track) VALUES (28, 1837, 'Phase47', 'Circular');
INSERT INTO p420_tracklist(session_num, start_time, artist, track) VALUES (28, 2245, 'Navarro', 'Sil');
INSERT INTO p420_tracklist(session_num, start_time, artist, track) VALUES (28, 2581, '3tronik', 'Fluvermax');
INSERT INTO p420_tracklist(session_num, start_time, artist, track) VALUES (28, 2842, 'researcher', 'You Will Never');
INSERT INTO p420_tracklist(session_num, start_time, artist, track) VALUES (28, 3059, 'Klotzsch & Sudermann', 'Cornus Mas');
INSERT INTO p420_tracklist(session_num, start_time, artist, track) VALUES (28, 3464, 'Codec', 'Ping Pong');
INSERT INTO p420_tracklist(session_num, start_time, artist, track) VALUES (28, 3770, 'Squarepusher', 'I Fulcrum');
INSERT INTO p420_tracklist(session_num, start_time, artist, track) VALUES (28, 3955, 'Eesn', 'L4 Tely');
INSERT INTO p420_tracklist(session_num, start_time, artist, track) VALUES (28, 4177, 'Proem', 'Standard.Naming.Convention (80bpm Lacklustermx)');
INSERT INTO p420_tracklist(session_num, start_time, artist, track) VALUES (28, 4602, 'Bola', 'Effanajor');
INSERT INTO p420_tracklist(session_num, start_time, artist, track) VALUES (28, 4988, 'Sul.a', 'Question Mark');
INSERT INTO p420_tracklist(session_num, start_time, artist, track) VALUES (28, 5234, 'Nafloop', 'Todd');
INSERT INTO p420_tracklist(session_num, start_time, artist, track) VALUES (28, 5473, 'Jello', 'Pequill');
INSERT INTO p420_tracklist(session_num, start_time, artist, track) VALUES (28, 5676, 'DNTEL', 'Anywhere Anyone');
INSERT INTO p420_tracklist(session_num, start_time, artist, track) VALUES (28, 5929, 'Sleepy Town Manufacture', 'Wired');
INSERT INTO p420_tracklist(session_num, start_time, artist, track) VALUES (28, 6244, 'naono', 'Ocean Tapes');
INSERT INTO p420_tracklist(session_num, start_time, artist, track) VALUES (28, 6516, 'Greater Explosive', 'Of Heath And Marsh');
INSERT INTO p420_tracklist(session_num, start_time, artist, track) VALUES (28, 6872, 'Jan Jelinek', 'Moire (strings)');
INSERT INTO p420_tracklist(session_num, start_time, artist, track) VALUES (28, 7198, 'Mikkel Metal', 'Abank');
INSERT INTO p420_tracklist(session_num, start_time, artist, track) VALUES (28, 7490, 'Analog Penetration', 'Sky Reactor');
INSERT INTO p420_tracklist(session_num, start_time, artist, track) VALUES (28, 7618, 'SPARTALIEN', 'Campfires');
INSERT INTO p420_tracklist(session_num, start_time, artist, track) VALUES (28, 7898, 'researcher', 'Oddlight');
INSERT INTO p420_tracklist(session_num, start_time, artist, track) VALUES (29, 0, 'Fried Funk Food', 'Tune In, Turn On, Find Joy');
INSERT INTO p420_tracklist(session_num, start_time, artist, track) VALUES (29, 396, 'Soul Drummers', 'Space and Time (Phil Asher Mix)');
INSERT INTO p420_tracklist(session_num, start_time, artist, track) VALUES (29, 844, 'Audio Lotion', 'As Velas');
INSERT INTO p420_tracklist(session_num, start_time, artist, track) VALUES (29, 1070, 'United Future Organization', 'My Foolish Dream');
INSERT INTO p420_tracklist(session_num, start_time, artist, track) VALUES (29, 1422, 'Count Basic', 'Joy & Pain');
INSERT INTO p420_tracklist(session_num, start_time, artist, track) VALUES (29, 1650, 'Monsieur Charles', 'The Flute Plays On ...');
INSERT INTO p420_tracklist(session_num, start_time, artist, track) VALUES (29, 1896, 'Mo'' Horizons', 'Foto Viva');
INSERT INTO p420_tracklist(session_num, start_time, artist, track) VALUES (29, 2233, 'The Cinematic Orchestra', 'And Relax!');
INSERT INTO p420_tracklist(session_num, start_time, artist, track) VALUES (29, 2480, 'Micatone', 'Quiet Boy');
INSERT INTO p420_tracklist(session_num, start_time, artist, track) VALUES (29, 2690, 'Soundscape', 'Inner Space');
INSERT INTO p420_tracklist(session_num, start_time, artist, track) VALUES (29, 3045, 'Fila Brazillia', 'Harmonicas Are Shite');
INSERT INTO p420_tracklist(session_num, start_time, artist, track) VALUES (29, 3418, 'Bonobo', 'Nightlite (Feat. Bajka)');
INSERT INTO p420_tracklist(session_num, start_time, artist, track) VALUES (29, 3722, 'Herbert', 'Blazing Magnum');
INSERT INTO p420_tracklist(session_num, start_time, artist, track) VALUES (29, 3917, 'C.F.M. Band', 'Block Party');
INSERT INTO p420_tracklist(session_num, start_time, artist, track) VALUES (29, 4214, 'Sunclef', 'All Natural');
INSERT INTO p420_tracklist(session_num, start_time, artist, track) VALUES (29, 4364, 'The Herbaliser', 'Worldwide Connected');
INSERT INTO p420_tracklist(session_num, start_time, artist, track) VALUES (29, 4665, 'Kinobe', 'Slip Into Something More Comfortable');
INSERT INTO p420_tracklist(session_num, start_time, artist, track) VALUES (29, 4932, 'Govinda', 'Slow Devotion');
INSERT INTO p420_tracklist(session_num, start_time, artist, track) VALUES (29, 5188, 'Taxi', 'Yes It''s True');
INSERT INTO p420_tracklist(session_num, start_time, artist, track) VALUES (29, 5451, 'Duran Y Garcia', 'Round Midnight');
INSERT INTO p420_tracklist(session_num, start_time, artist, track) VALUES (29, 5748, 'Minus 8', 'Elysian Fields');
INSERT INTO p420_tracklist(session_num, start_time, artist, track) VALUES (29, 5990, 'Akasha', 'Mescalin');
INSERT INTO p420_tracklist(session_num, start_time, artist, track) VALUES (29, 6363, 'Suff Daddy', 'Flanelly');
INSERT INTO p420_tracklist(session_num, start_time, artist, track) VALUES (29, 6527, 'Scruffnuk Dust', 'Love Affair');
INSERT INTO p420_tracklist(session_num, start_time, artist, track) VALUES (30, 0, 'Ocbalt', 'What Is Art?');
INSERT INTO p420_tracklist(session_num, start_time, artist, track) VALUES (30, 49, 'Scruffnuk Dust', 'Love Theme');
INSERT INTO p420_tracklist(session_num, start_time, artist, track) VALUES (30, 226, 'Sofa Surfers', 'Container');
INSERT INTO p420_tracklist(session_num, start_time, artist, track) VALUES (30, 530, 'Patchworks', 'I Guess You Always Knew');
INSERT INTO p420_tracklist(session_num, start_time, artist, track) VALUES (30, 847, 'Fila Brazillia', 'Trivia');
INSERT INTO p420_tracklist(session_num, start_time, artist, track) VALUES (30, 1075, 'DJ Cam', 'Pure Pleasure');
INSERT INTO p420_tracklist(session_num, start_time, artist, track) VALUES (30, 1445, 'Wagon Christ', 'Floot');
INSERT INTO p420_tracklist(session_num, start_time, artist, track) VALUES (30, 1854, 'Sofa Surfers', 'I Asked For Water');
INSERT INTO p420_tracklist(session_num, start_time, artist, track) VALUES (30, 2113, 'The Herbaliser', '8pt Agenda');
INSERT INTO p420_tracklist(session_num, start_time, artist, track) VALUES (30, 2407, '9 Lazy 9', 'Spoonful Of Slow');
INSERT INTO p420_tracklist(session_num, start_time, artist, track) VALUES (30, 2561, 'Kid Loco', 'The Bootleggers');
INSERT INTO p420_tracklist(session_num, start_time, artist, track) VALUES (30, 2984, 'Apple', 'Tavanche');
INSERT INTO p420_tracklist(session_num, start_time, artist, track) VALUES (30, 3238, '2 Player', 'Extreme Possibilities (Wagon Christ Mix)');
INSERT INTO p420_tracklist(session_num, start_time, artist, track) VALUES (30, 3640, 'DJ Krush', 'Edge of Blue');
INSERT INTO p420_tracklist(session_num, start_time, artist, track) VALUES (30, 3886, 'DJ Food', 'The Ageing Young Rebel');
INSERT INTO p420_tracklist(session_num, start_time, artist, track) VALUES (30, 4223, 'Nootropika', 'Quatre Neuf');
INSERT INTO p420_tracklist(session_num, start_time, artist, track) VALUES (30, 4584, 'Sequel', 'Upsolid (Domu Remix)');
INSERT INTO p420_tracklist(session_num, start_time, artist, track) VALUES (30, 4930, 'Tosca', 'Chocolate Elvis');
INSERT INTO p420_tracklist(session_num, start_time, artist, track) VALUES (30, 5232, 'Solid Doctor', 'Holy Roller');
INSERT INTO p420_tracklist(session_num, start_time, artist, track) VALUES (30, 5578, 'The Timewriter', 'Someone To Hold Me');
INSERT INTO p420_tracklist(session_num, start_time, artist, track) VALUES (30, 5634, 'Kaidi Tatham', 'Zallom');
INSERT INTO p420_tracklist(session_num, start_time, artist, track) VALUES (30, 5816, 'Ugly Heroes', 'Heart Attack');
INSERT INTO p420_tracklist(session_num, start_time, artist, track) VALUES (31, 0, 'F.R.I.S.K.', 'Take the Sun Away');
INSERT INTO p420_tracklist(session_num, start_time, artist, track) VALUES (31, 356, 'Monassa', 'Days & Nights');
INSERT INTO p420_tracklist(session_num, start_time, artist, track) VALUES (31, 673, 'The Amalgamation Of Sounds', 'Alone');
INSERT INTO p420_tracklist(session_num, start_time, artist, track) VALUES (31, 967, 'Bjrn Torske', 'Ode To A Duck');
INSERT INTO p420_tracklist(session_num, start_time, artist, track) VALUES (31, 1265, 'Mayhem', 'Nasty Funk');
INSERT INTO p420_tracklist(session_num, start_time, artist, track) VALUES (31, 1685, 'Men From The Nile', 'Watch Them Come!!! (Jazzanova Remix)');
INSERT INTO p420_tracklist(session_num, start_time, artist, track) VALUES (31, 2120, 'Loqate', 'Miracles (Recloose Mix)');
INSERT INTO p420_tracklist(session_num, start_time, artist, track) VALUES (31, 2493, 'Season', 'Juice');
INSERT INTO p420_tracklist(session_num, start_time, artist, track) VALUES (31, 2799, 'DJ Suv', 'Alhambra');
INSERT INTO p420_tracklist(session_num, start_time, artist, track) VALUES (31, 2998, 'Nicola Conte', 'Bossa Per Due');
INSERT INTO p420_tracklist(session_num, start_time, artist, track) VALUES (31, 3339, 'Calcutta Offroad', 'Sheltering Skies');
INSERT INTO p420_tracklist(session_num, start_time, artist, track) VALUES (31, 3575, 'Marden Hill', 'Blacker');
INSERT INTO p420_tracklist(session_num, start_time, artist, track) VALUES (31, 3830, 'Innerzone Orchestra', 'Basic Math');
INSERT INTO p420_tracklist(session_num, start_time, artist, track) VALUES (31, 4341, 'Chaser', 'Life In Loisaida');
INSERT INTO p420_tracklist(session_num, start_time, artist, track) VALUES (31, 4865, 'Funkylowlives', 'Funk Construction (Latazz Mix)');
INSERT INTO p420_tracklist(session_num, start_time, artist, track) VALUES (31, 5314, 'Stereolab', 'Tickertape Of The Unconscious (Thievery Corporation Remix)');
INSERT INTO p420_tracklist(session_num, start_time, artist, track) VALUES (31, 5556, 'Wah-chu-ku', 'Tec Know Jazz');
INSERT INTO p420_tracklist(session_num, start_time, artist, track) VALUES (31, 5826, 'Dayton', 'Sound Of Music');
INSERT INTO p420_tracklist(session_num, start_time, artist, track) VALUES (32, 0, 'Navarro', 'Rtef');
INSERT INTO p420_tracklist(session_num, start_time, artist, track) VALUES (32, 294, 'Max Waters', 'Dot Your Eyes (Cross Your DoubleL''s)');
INSERT INTO p420_tracklist(session_num, start_time, artist, track) VALUES (32, 547, '3tronik', 'Shaping');
INSERT INTO p420_tracklist(session_num, start_time, artist, track) VALUES (32, 762, 'Electro', 'Through Ice');
INSERT INTO p420_tracklist(session_num, start_time, artist, track) VALUES (32, 1016, 'Cpektir & Minimal_Drone*GRL', 'Chartreuse Dreams - MDG');
INSERT INTO p420_tracklist(session_num, start_time, artist, track) VALUES (32, 1208, 'Differnet', 'Mycobacterium Tuberculosis');
INSERT INTO p420_tracklist(session_num, start_time, artist, track) VALUES (32, 1397, 'falls', 'smother');
INSERT INTO p420_tracklist(session_num, start_time, artist, track) VALUES (32, 1577, 'Madstyle', 'Floranta');
INSERT INTO p420_tracklist(session_num, start_time, artist, track) VALUES (32, 1881, 'Slop Shop', 'Blue Angel');
INSERT INTO p420_tracklist(session_num, start_time, artist, track) VALUES (32, 2223, 'Sonmi451', 'Spherical');
INSERT INTO p420_tracklist(session_num, start_time, artist, track) VALUES (32, 2447, 'Aitnna77', 'Ambulance');
INSERT INTO p420_tracklist(session_num, start_time, artist, track) VALUES (32, 2708, 'Valkir', 'Mitil Police');
INSERT INTO p420_tracklist(session_num, start_time, artist, track) VALUES (32, 2921, 'MultiColor', 'Three Languages');
INSERT INTO p420_tracklist(session_num, start_time, artist, track) VALUES (32, 3242, 'Hefner', 'Dawb');
INSERT INTO p420_tracklist(session_num, start_time, artist, track) VALUES (32, 3461, 'DJ Vadim', 'Knowledge vs. Wisdom (A Difference In Wordplay?)');
INSERT INTO p420_tracklist(session_num, start_time, artist, track) VALUES (32, 3790, 'Flanger', 'Nightbeat 2');
INSERT INTO p420_tracklist(session_num, start_time, artist, track) VALUES (32, 4001, 'Animals On Wheels', 'The Elastic Snapped');
INSERT INTO p420_tracklist(session_num, start_time, artist, track) VALUES (32, 4237, 'Stendec', 'Avro');
INSERT INTO p420_tracklist(session_num, start_time, artist, track) VALUES (32, 4624, 'Emmerichk', 'Sonta-An');
INSERT INTO p420_tracklist(session_num, start_time, artist, track) VALUES (32, 4923, 'Jari Ylamaki', 'Edge Of The Universe');
INSERT INTO p420_tracklist(session_num, start_time, artist, track) VALUES (32, 5530, 'Autechre', 'Bronchusevenmx24');
INSERT INTO p420_tracklist(session_num, start_time, artist, track) VALUES (32, 6065, 'Ennio Morricone', 'Nocturne With No Moon');
INSERT INTO p420_tracklist(session_num, start_time, artist, track) VALUES (33, 0, 'DJ Vadim', 'Micro Course In Russian');
INSERT INTO p420_tracklist(session_num, start_time, artist, track) VALUES (33, 102, 'Bunko Stew', 'Every Night');
INSERT INTO p420_tracklist(session_num, start_time, artist, track) VALUES (33, 326, 'Roots Manuva', 'Next Type Of Motion');
INSERT INTO p420_tracklist(session_num, start_time, artist, track) VALUES (33, 625, 'Boards Of Canada', 'Chromakey Dreamcoat');
INSERT INTO p420_tracklist(session_num, start_time, artist, track) VALUES (33, 960, 'ayefelon', 'Where The Time Went? (feat. Jackie Scan)');
INSERT INTO p420_tracklist(session_num, start_time, artist, track) VALUES (33, 1180, 'ML', 'Ukelangelo');
INSERT INTO p420_tracklist(session_num, start_time, artist, track) VALUES (33, 1399, 'Flanger', 'Bosco''s Disposable Driver');
INSERT INTO p420_tracklist(session_num, start_time, artist, track) VALUES (33, 1714, 'Beastie Boys', 'Son Of Neck Bone');
INSERT INTO p420_tracklist(session_num, start_time, artist, track) VALUES (33, 1880, 'Dot Allison', 'Morning Sun');
INSERT INTO p420_tracklist(session_num, start_time, artist, track) VALUES (33, 2361, 'Audio Lotion', 'Monsoon');
INSERT INTO p420_tracklist(session_num, start_time, artist, track) VALUES (33, 2593, 'Aural Planet', 'Start & Finish (Original Mix)');
INSERT INTO p420_tracklist(session_num, start_time, artist, track) VALUES (33, 2866, 'Momma Gravy', 'Gangmaker');
INSERT INTO p420_tracklist(session_num, start_time, artist, track) VALUES (33, 3240, 'The Herbaliser', 'Up 4 The Get Downs');
INSERT INTO p420_tracklist(session_num, start_time, artist, track) VALUES (33, 3556, 'AIR & Baricco', 'Musica');
INSERT INTO p420_tracklist(session_num, start_time, artist, track) VALUES (33, 3735, 'Arkestra One', 'I Really Want You');
INSERT INTO p420_tracklist(session_num, start_time, artist, track) VALUES (33, 3946, 'DJ Food', 'Scratch Yer Hed (Squarepusher Mix)');
INSERT INTO p420_tracklist(session_num, start_time, artist, track) VALUES (33, 4380, 'EU', 'Chorus');
INSERT INTO p420_tracklist(session_num, start_time, artist, track) VALUES (33, 4629, 'Konsumprodukt', 'San Amaro');
INSERT INTO p420_tracklist(session_num, start_time, artist, track) VALUES (33, 4833, 'Clutter', 'Short Of A Miracle');
INSERT INTO p420_tracklist(session_num, start_time, artist, track) VALUES (33, 5144, 'Goldfrapp', 'Human');
INSERT INTO p420_tracklist(session_num, start_time, artist, track) VALUES (33, 5364, 'Geb.El', 'Blue');
INSERT INTO p420_tracklist(session_num, start_time, artist, track) VALUES (33, 5735, 'Klotzsch & Sudermann', 'Crylus Avellna');
INSERT INTO p420_tracklist(session_num, start_time, artist, track) VALUES (33, 6345, 'Multiplex', 'Rockrobot (Lacklustermx4)');
INSERT INTO p420_tracklist(session_num, start_time, artist, track) VALUES (33, 6510, 'DJ Shadow', 'Urgent, Important, Please Read (feat. Rockwell Knuckles, Tef Poe, Daemon)');
INSERT INTO p420_tracklist(session_num, start_time, artist, track) VALUES (33, 6813, 'DJ Vadim', 'Combustible');
INSERT INTO p420_tracklist(session_num, start_time, artist, track) VALUES (33, 7005, 'Rollercone', 'Fictions');
INSERT INTO p420_tracklist(session_num, start_time, artist, track) VALUES (33, 7318, 'Mama Oliver', 'East West (Et Moi)');
INSERT INTO p420_tracklist(session_num, start_time, artist, track) VALUES (33, 7778, 'Quantic', 'Wider Than The Sky');
INSERT INTO p420_tracklist(session_num, start_time, artist, track) VALUES (33, 7965, 'Mastalski', 'Happy (Uptight Anti-Stress Workout)');
INSERT INTO p420_tracklist(session_num, start_time, artist, track) VALUES (33, 8300, 'The Illuminati Of Hedfuk', 'The Worm Turns');
INSERT INTO p420_tracklist(session_num, start_time, artist, track) VALUES (33, 8705, 'Rusty Joints', 'G.O.D. (feat. Hanu)');
INSERT INTO p420_tracklist(session_num, start_time, artist, track) VALUES (34, 0, 'Latex Distortion', 'Shitprickpop');
INSERT INTO p420_tracklist(session_num, start_time, artist, track) VALUES (34, 245, 'Fabrics', 'R-Pet');
INSERT INTO p420_tracklist(session_num, start_time, artist, track) VALUES (34, 510, 'Zengineers', 'Into The Tomb');
INSERT INTO p420_tracklist(session_num, start_time, artist, track) VALUES (34, 739, 'DJ Shadow', 'Giving Up The Ghost');
INSERT INTO p420_tracklist(session_num, start_time, artist, track) VALUES (34, 1107, 'Amon Tobin', 'Bridge');
INSERT INTO p420_tracklist(session_num, start_time, artist, track) VALUES (34, 1460, 'Massive Tne', 'Kopfnicker');
INSERT INTO p420_tracklist(session_num, start_time, artist, track) VALUES (34, 1863, 'DSP', 'Systematic');
INSERT INTO p420_tracklist(session_num, start_time, artist, track) VALUES (34, 2084, 'The Herbaliser', 'It Ain''t Nuttin');
INSERT INTO p420_tracklist(session_num, start_time, artist, track) VALUES (34, 2248, 'The Cinematic Orchestra', 'Everyday');
INSERT INTO p420_tracklist(session_num, start_time, artist, track) VALUES (34, 2773, 'DepthCruiser', 'Deepstaria Enigmatica');
INSERT INTO p420_tracklist(session_num, start_time, artist, track) VALUES (34, 2975, 'Patchwork', 'Five Four');
INSERT INTO p420_tracklist(session_num, start_time, artist, track) VALUES (34, 3268, 'Blame', 'Sphere (Seba Remix)');
INSERT INTO p420_tracklist(session_num, start_time, artist, track) VALUES (34, 3724, 'Machine Drum', '0000001');
INSERT INTO p420_tracklist(session_num, start_time, artist, track) VALUES (34, 3931, 'Koop & Mikael Sundin', 'Tonight');
INSERT INTO p420_tracklist(session_num, start_time, artist, track) VALUES (35, 0, 'The Four Owls', 'Motivation');
INSERT INTO p420_tracklist(session_num, start_time, artist, track) VALUES (35, 220, 'BitBasic', 'Emaze');
INSERT INTO p420_tracklist(session_num, start_time, artist, track) VALUES (35, 410, 'Suff Daddy', 'Skies feat IAMNOBODI');
INSERT INTO p420_tracklist(session_num, start_time, artist, track) VALUES (35, 564, 'Audio Lotion', 'Coolesse');
INSERT INTO p420_tracklist(session_num, start_time, artist, track) VALUES (35, 973, 'Bola', 'Noop');
INSERT INTO p420_tracklist(session_num, start_time, artist, track) VALUES (35, 1205, 'Jeru The Damaja', 'Come Clean');
INSERT INTO p420_tracklist(session_num, start_time, artist, track) VALUES (35, 1386, 'Tlpopmusik', 'Trishika');
INSERT INTO p420_tracklist(session_num, start_time, artist, track) VALUES (35, 1682, 'Hermetic Sound', 'Sombreros');
INSERT INTO p420_tracklist(session_num, start_time, artist, track) VALUES (35, 1973, 'New Delhi FM', 'This Experiment');
INSERT INTO p420_tracklist(session_num, start_time, artist, track) VALUES (35, 2264, 'Amon Tobin', 'El Cargo');
INSERT INTO p420_tracklist(session_num, start_time, artist, track) VALUES (35, 2518, 'DJ Vadim', 'U.S.S.R. Repertoire');
INSERT INTO p420_tracklist(session_num, start_time, artist, track) VALUES (35, 2785, 'El Jazzy Chavo', 'Tell The Children The Truth');
INSERT INTO p420_tracklist(session_num, start_time, artist, track) VALUES (35, 2926, 'LC Mission', 'bay fog');
INSERT INTO p420_tracklist(session_num, start_time, artist, track) VALUES (35, 3050, 'BLAKMOTH', 'TIMBRE FELL');
INSERT INTO p420_tracklist(session_num, start_time, artist, track) VALUES (35, 3174, 'Secret Frequency Crew', 'Deep Blue');
INSERT INTO p420_tracklist(session_num, start_time, artist, track) VALUES (36, 0, 'Blind Guardian', 'Nom The Wise');
INSERT INTO p420_tracklist(session_num, start_time, artist, track) VALUES (36, 35, 'dude26', 'wasbedeutetderscheiss');
INSERT INTO p420_tracklist(session_num, start_time, artist, track) VALUES (36, 167, 'Fettes Brot', 'Die Einsamkeit Der Klofrau');
INSERT INTO p420_tracklist(session_num, start_time, artist, track) VALUES (36, 608, 'Skitz Alongside Roots Manuva', 'Movements');
INSERT INTO p420_tracklist(session_num, start_time, artist, track) VALUES (36, 838, 'Johnny Conquest', 'S'' On the Side');
INSERT INTO p420_tracklist(session_num, start_time, artist, track) VALUES (36, 1075, 'The Kaleidoscope', 'Rotate In Haarlem');
INSERT INTO p420_tracklist(session_num, start_time, artist, track) VALUES (36, 1458, 'DJ Vadim', 'Non Lateral Hypothesis');
INSERT INTO p420_tracklist(session_num, start_time, artist, track) VALUES (36, 1774, 'Early Groovers', 'Coffeetalk');
INSERT INTO p420_tracklist(session_num, start_time, artist, track) VALUES (36, 2070, 'Bonobo', 'Shadowtricks');
INSERT INTO p420_tracklist(session_num, start_time, artist, track) VALUES (36, 2305, 'Zengineers', 'Ninjas Have To Think Beyond The Normal');
INSERT INTO p420_tracklist(session_num, start_time, artist, track) VALUES (36, 2564, 'Afterlife', 'La Nina');
INSERT INTO p420_tracklist(session_num, start_time, artist, track) VALUES (36, 2842, 'Normal Music', 'Migratory Patterns Of Youth');
INSERT INTO p420_tracklist(session_num, start_time, artist, track) VALUES (36, 3051, 'Rusty Joints', 'Why They''re Here');
INSERT INTO p420_tracklist(session_num, start_time, artist, track) VALUES (36, 3251, 'hooligunn.hlmes', 'forlorn');
INSERT INTO p420_tracklist(session_num, start_time, artist, track) VALUES (36, 3369, 'Phoenix', 'Definitive Breaks');
INSERT INTO p420_tracklist(session_num, start_time, artist, track) VALUES (36, 3468, 'Daft Punk', 'One More Time (Romanthony''s Unplugged)');
INSERT INTO p420_tracklist(session_num, start_time, artist, track) VALUES (37, 0, 'Infinity Frequencies', 'The Time That Remains');
INSERT INTO p420_tracklist(session_num, start_time, artist, track) VALUES (37, 129, 'Monokle', '=Uller=');
INSERT INTO p420_tracklist(session_num, start_time, artist, track) VALUES (37, 235, 'Bowery Electric', 'After Landing');
INSERT INTO p420_tracklist(session_num, start_time, artist, track) VALUES (37, 449, 'Yuppster', 'Green Lens');
INSERT INTO p420_tracklist(session_num, start_time, artist, track) VALUES (37, 540, 'Touek', 'Source');
INSERT INTO p420_tracklist(session_num, start_time, artist, track) VALUES (37, 726, 'Boards Of Canada', '1969');
INSERT INTO p420_tracklist(session_num, start_time, artist, track) VALUES (37, 973, 'N.LN', 'I Never Heard (Red Horizon)');
INSERT INTO p420_tracklist(session_num, start_time, artist, track) VALUES (37, 1315, 'Fever Asym', 'Who Loves Me');
INSERT INTO p420_tracklist(session_num, start_time, artist, track) VALUES (37, 1572, 'Apparat', 'Riding');
INSERT INTO p420_tracklist(session_num, start_time, artist, track) VALUES (37, 1831, 'arT2', 'All I Know');
INSERT INTO p420_tracklist(session_num, start_time, artist, track) VALUES (37, 2212, 'Yuki Kajiura', 'Zero Hour');
INSERT INTO p420_tracklist(session_num, start_time, artist, track) VALUES (37, 2361, 'Bunko Stew', 'On Our Way');
INSERT INTO p420_tracklist(session_num, start_time, artist, track) VALUES (37, 2569, 'Amon Tobin', 'Yasawas');
INSERT INTO p420_tracklist(session_num, start_time, artist, track) VALUES (37, 2887, 'The Clifford Gilberto Rhythm Combination', 'A Different Forrest');
INSERT INTO p420_tracklist(session_num, start_time, artist, track) VALUES (37, 3139, 'The Herbaliser', 'When I Shine');
INSERT INTO p420_tracklist(session_num, start_time, artist, track) VALUES (37, 3365, 'Diverse', 'Time');
INSERT INTO p420_tracklist(session_num, start_time, artist, track) VALUES (38, 0, 'Fog', 'A Word Of Advice');
INSERT INTO p420_tracklist(session_num, start_time, artist, track) VALUES (38, 105, 'Violent Public Disorderaz', 'Memory');
INSERT INTO p420_tracklist(session_num, start_time, artist, track) VALUES (38, 376, 'Phour Trakk', 'I Am Leaving');
INSERT INTO p420_tracklist(session_num, start_time, artist, track) VALUES (38, 614, 'Fila Brazillia', 'Whose Money');
INSERT INTO p420_tracklist(session_num, start_time, artist, track) VALUES (38, 735, 'ayefelon', '#484');
INSERT INTO p420_tracklist(session_num, start_time, artist, track) VALUES (38, 910, 'Rombix', 'When Tatyana Arrived To Moscow');
INSERT INTO p420_tracklist(session_num, start_time, artist, track) VALUES (38, 1206, '833-45', 'Solar Maximum');
INSERT INTO p420_tracklist(session_num, start_time, artist, track) VALUES (38, 1542, 'Bioradio', 'Lost Time');
INSERT INTO p420_tracklist(session_num, start_time, artist, track) VALUES (38, 1971, 'Trills', 'Pathways');
INSERT INTO p420_tracklist(session_num, start_time, artist, track) VALUES (38, 2158, 'Michael Hoffmann', 'Quiet Now');
INSERT INTO p420_tracklist(session_num, start_time, artist, track) VALUES (38, 2580, 'Differnet', 'Settled');
INSERT INTO p420_tracklist(session_num, start_time, artist, track) VALUES (38, 2980, 'Nitin Sawhney', 'Developed');
INSERT INTO p420_tracklist(session_num, start_time, artist, track) VALUES (38, 3042, 'DJ Shadow', 'JoJo''s Words feat. Stro');
INSERT INTO p420_tracklist(session_num, start_time, artist, track) VALUES (38, 3273, 'DJ Shadow', 'We Are Always Alone');
INSERT INTO p420_tracklist(session_num, start_time, artist, track) VALUES (38, 3471, '1954', 'Blue Boy Feat. Loup Na');
INSERT INTO p420_tracklist(session_num, start_time, artist, track) VALUES (38, 3715, 'Laineet', 'Avaruusihmiset');
INSERT INTO p420_tracklist(session_num, start_time, artist, track) VALUES (38, 3898, 'Jello', 'Shinoque');
INSERT INTO p420_tracklist(session_num, start_time, artist, track) VALUES (38, 4311, 'Scruffnuk Dust', 'Introvert');
INSERT INTO p420_tracklist(session_num, start_time, artist, track) VALUES (38, 4612, 'Differnet', 'How?');
INSERT INTO p420_tracklist(session_num, start_time, artist, track) VALUES (39, 0, 'Scruffnuk Dust', 'Maintain');
INSERT INTO p420_tracklist(session_num, start_time, artist, track) VALUES (39, 100, 'DJ Vadim', 'Untitled');
INSERT INTO p420_tracklist(session_num, start_time, artist, track) VALUES (39, 360, 'The Isolationist', 'Timeless Void (Remix)');
INSERT INTO p420_tracklist(session_num, start_time, artist, track) VALUES (39, 645, 'Animals On Wheels', 'Soluble Ducks');
INSERT INTO p420_tracklist(session_num, start_time, artist, track) VALUES (39, 1014, 'Fresh Moods', 'Decisions I Made');
INSERT INTO p420_tracklist(session_num, start_time, artist, track) VALUES (39, 1303, 'Skalpel', 'Together');
INSERT INTO p420_tracklist(session_num, start_time, artist, track) VALUES (39, 1619, 'Jamiroquai', 'Spend A Lifetime');
INSERT INTO p420_tracklist(session_num, start_time, artist, track) VALUES (39, 1858, 'Afterlife', 'Breather 2000');
INSERT INTO p420_tracklist(session_num, start_time, artist, track) VALUES (39, 2143, 'Moloko', 'Absent Minded Friends');
INSERT INTO p420_tracklist(session_num, start_time, artist, track) VALUES (39, 2423, 'Cypress Hill', 'Illusions');
INSERT INTO p420_tracklist(session_num, start_time, artist, track) VALUES (39, 2687, 'Sapien', 'Que Dolor');
INSERT INTO p420_tracklist(session_num, start_time, artist, track) VALUES (39, 2963, 'arT2', 'The Trip Construction Kit');
INSERT INTO p420_tracklist(session_num, start_time, artist, track) VALUES (39, 3322, 'Arovane', 'Passage To Nagoya');
INSERT INTO p420_tracklist(session_num, start_time, artist, track) VALUES (39, 3421, 'Daughter Darling', 'Sad and Lonely');
INSERT INTO p420_tracklist(session_num, start_time, artist, track) VALUES (39, 3669, 'Crustation', 'Purple');
INSERT INTO p420_tracklist(session_num, start_time, artist, track) VALUES (39, 3926, 'j^p^n', 'without. []');
INSERT INTO p420_tracklist(session_num, start_time, artist, track) VALUES (39, 4075, 'BLAKMOTH', 'WILLOW WHISPER');
INSERT INTO p420_tracklist(session_num, start_time, artist, track) VALUES (39, 4195, 'Sofa Surfers', 'Sweat (Tom Tyler Remix)');
INSERT INTO p420_tracklist(session_num, start_time, artist, track) VALUES (39, 4502, 'Spool', 'Algo');
INSERT INTO p420_tracklist(session_num, start_time, artist, track) VALUES (39, 5010, 'Krill.Minima', 'Nautica');
INSERT INTO p420_tracklist(session_num, start_time, artist, track) VALUES (39, 5396, 'Thomas D', 'Pilzkpfe');
INSERT INTO p420_tracklist(session_num, start_time, artist, track) VALUES (39, 5568, 'Green Day', 'F.O.D.');
INSERT INTO p420_tracklist(session_num, start_time, artist, track) VALUES (40, 0, 'Blumentopf', 'Intro');
INSERT INTO p420_tracklist(session_num, start_time, artist, track) VALUES (40, 37, 'Sango', 'Trs Horas');
INSERT INTO p420_tracklist(session_num, start_time, artist, track) VALUES (40, 230, 'Downliners Sekt', 'La Nueva Escuela (Feat. Mucho Muchacho)');
INSERT INTO p420_tracklist(session_num, start_time, artist, track) VALUES (40, 474, 'Silencide', 'Expected Frustrating Cramp');
INSERT INTO p420_tracklist(session_num, start_time, artist, track) VALUES (40, 622, 'OXIDANE', 'WHEN THE WELL RUNS DRY');
INSERT INTO p420_tracklist(session_num, start_time, artist, track) VALUES (40, 832, 'Amon Tobin', 'Wires & Snakes');
INSERT INTO p420_tracklist(session_num, start_time, artist, track) VALUES (40, 1128, 'DJ Food', 'Looking Glass');
INSERT INTO p420_tracklist(session_num, start_time, artist, track) VALUES (40, 1511, 'UNKLE With South', 'Cocaine And Camcorders (UNKLE Variation)');
INSERT INTO p420_tracklist(session_num, start_time, artist, track) VALUES (40, 1858, 'Iacon', 'The Oceans Will Fall');
INSERT INTO p420_tracklist(session_num, start_time, artist, track) VALUES (40, 2026, 'Modul', 'Win.Blue: Tea 22');
INSERT INTO p420_tracklist(session_num, start_time, artist, track) VALUES (40, 2286, 'Leon Vinehall', 'Trouble - Parts I, II & III (Chapter V)');
INSERT INTO p420_tracklist(session_num, start_time, artist, track) VALUES (40, 2599, 'researcher', 'California Cut Off Heads');
INSERT INTO p420_tracklist(session_num, start_time, artist, track) VALUES (40, 2876, 'Sweet Trip', 'International');
INSERT INTO p420_tracklist(session_num, start_time, artist, track) VALUES (40, 3342, 'LTJ Bukem', 'Our World');
INSERT INTO p420_tracklist(session_num, start_time, artist, track) VALUES (40, 3592, 'Spacetime Continuum', 'One At A Day');
INSERT INTO p420_tracklist(session_num, start_time, artist, track) VALUES (40, 3903, 'Ben Mono', 'Talking Navigator');
INSERT INTO p420_tracklist(session_num, start_time, artist, track) VALUES (40, 4284, 'Sutro Heights', 'Vibrations');
INSERT INTO p420_tracklist(session_num, start_time, artist, track) VALUES (40, 4601, 'Jan Jelinek', 'Do Dekor');
INSERT INTO p420_tracklist(session_num, start_time, artist, track) VALUES (40, 4920, 'Fog', 'Staring At The Dashboard');
INSERT INTO p420_tracklist(session_num, start_time, artist, track) VALUES (40, 5040, 'Nitin Sawhney', 'No Death In Love');
INSERT INTO p420_tracklist(session_num, start_time, artist, track) VALUES (40, 5172, 'Tesla Ghost', 'Song For Sophia');
INSERT INTO p420_tracklist(session_num, start_time, artist, track) VALUES (40, 5361, 'Infinity Frequencies', 'Under the city');
INSERT INTO p420_tracklist(session_num, start_time, artist, track) VALUES (40, 5435, 'Amon Tobin', 'Natureland');
INSERT INTO p420_tracklist(session_num, start_time, artist, track) VALUES (40, 5744, 'Shneck Reaper', 'Red Step Forward (Trip-Hop)');
INSERT INTO p420_tracklist(session_num, start_time, artist, track) VALUES (40, 6050, 'DJ Shadow & Automator', 'Professor Pyarclal');
INSERT INTO p420_tracklist(session_num, start_time, artist, track) VALUES (40, 6277, 'Skalpel', 'So Far');
INSERT INTO p420_tracklist(session_num, start_time, artist, track) VALUES (40, 6578, 'Ennio Morricone', 'The Legend Of The Pianist On The Ocean');
INSERT INTO p420_tracklist(session_num, start_time, artist, track) VALUES (41, 0, 'Tool', 'Third Eye (live)');
INSERT INTO p420_tracklist(session_num, start_time, artist, track) VALUES (41, 54, 'Cypress Hill', 'Funk Freakers');
INSERT INTO p420_tracklist(session_num, start_time, artist, track) VALUES (41, 228, 'dZihan & Kamien', 'Homebase (UFO Remix)');
INSERT INTO p420_tracklist(session_num, start_time, artist, track) VALUES (41, 730, 'Tosca', 'Ocean Beat');
INSERT INTO p420_tracklist(session_num, start_time, artist, track) VALUES (41, 992, 'Zero 7', 'Spinning Dub');
INSERT INTO p420_tracklist(session_num, start_time, artist, track) VALUES (41, 1310, 'Smoke City', 'Flying Away');
INSERT INTO p420_tracklist(session_num, start_time, artist, track) VALUES (41, 1508, 'Mikkel Metal', 'Pheno (Krill.Minima Remix)');
INSERT INTO p420_tracklist(session_num, start_time, artist, track) VALUES (41, 1876, 'Moodorama', 'My Vibe');
INSERT INTO p420_tracklist(session_num, start_time, artist, track) VALUES (41, 2174, 'Roots Manuva', 'Cargo');
INSERT INTO p420_tracklist(session_num, start_time, artist, track) VALUES (41, 2407, 'The Cinematic Orchestra', 'Zero One/This Fantasy (feat. Grey Reverend)');
INSERT INTO p420_tracklist(session_num, start_time, artist, track) VALUES (41, 2790, 'Kinobe', 'Hammoor Island');
INSERT INTO p420_tracklist(session_num, start_time, artist, track) VALUES (41, 3003, 'Crepusculum', 'Covalent Bond');
INSERT INTO p420_tracklist(session_num, start_time, artist, track) VALUES (41, 3345, 'Laineet', 'Avaruusihmiset pt.2');
INSERT INTO p420_tracklist(session_num, start_time, artist, track) VALUES (41, 3472, 'UNKLE', 'Glow');
INSERT INTO p420_tracklist(session_num, start_time, artist, track) VALUES (41, 3717, 'Le Mpris', 'Aki');
INSERT INTO p420_tracklist(session_num, start_time, artist, track) VALUES (41, 3904, 'researcher', 'Obvious Things');
INSERT INTO p420_tracklist(session_num, start_time, artist, track) VALUES (41, 4300, 'Boom Bip', 'The Unthinkable (Venetian Snares Remix)');
INSERT INTO p420_tracklist(session_num, start_time, artist, track) VALUES (41, 4528, 'Ghostwerk', 'FADE ME');
INSERT INTO p420_tracklist(session_num, start_time, artist, track) VALUES (41, 4846, 'More Ghost Than Man', 'OnaFly');
INSERT INTO p420_tracklist(session_num, start_time, artist, track) VALUES (41, 5034, 'Pascal F.E.O.S.', 'Km5');
INSERT INTO p420_tracklist(session_num, start_time, artist, track) VALUES (41, 5377, 'Segue', 'Glass, Reflection');
INSERT INTO p420_tracklist(session_num, start_time, artist, track) VALUES (41, 5682, 'Quantic', 'En Focus');
INSERT INTO p420_tracklist(session_num, start_time, artist, track) VALUES (41, 5950, 'Gee Cheeze', 'Barna Vice');
INSERT INTO p420_tracklist(session_num, start_time, artist, track) VALUES (41, 6155, 'King Kooba', 'You Don''t Know');
INSERT INTO p420_tracklist(session_num, start_time, artist, track) VALUES (41, 6422, 'The Clifford Gilberto Rhythm Combination', 'Skippy''s First Samba Lesson');
INSERT INTO p420_tracklist(session_num, start_time, artist, track) VALUES (41, 6682, 'No Se', 'United Flying Objects');
INSERT INTO p420_tracklist(session_num, start_time, artist, track) VALUES (41, 6890, 'Kokin Gumi', 'Half Forgotten Dreams');
INSERT INTO p420_tracklist(session_num, start_time, artist, track) VALUES (41, 7132, 'j^p^n', 'guidance. []');
INSERT INTO p420_tracklist(session_num, start_time, artist, track) VALUES (41, 7240, 'Bonobo', 'Kota');
INSERT INTO p420_tracklist(session_num, start_time, artist, track) VALUES (41, 7541, 'BROCKBEATS', 'I need');
INSERT INTO p420_tracklist(session_num, start_time, artist, track) VALUES (41, 7689, 'Ennio Morricone', 'A Goodbye To Friends');
INSERT INTO p420_tracklist(session_num, start_time, artist, track) VALUES (41, 7837, 'Nas', 'The Set Up');
INSERT INTO p420_tracklist(session_num, start_time, artist, track) VALUES (42, 0, 'The Isolationist', 'The Rocket');
INSERT INTO p420_tracklist(session_num, start_time, artist, track) VALUES (42, 3, 'Faze Action', 'Moving Cities (Cinematic Orchestra Remix)');
INSERT INTO p420_tracklist(session_num, start_time, artist, track) VALUES (42, 464, 'Sukia vs. DJ Food', 'Feel''n You & Me');
INSERT INTO p420_tracklist(session_num, start_time, artist, track) VALUES (42, 820, 'DJ Krush And Toshinori Kondo', 'Mu - Chu');
INSERT INTO p420_tracklist(session_num, start_time, artist, track) VALUES (42, 1072, 'Stress Assassin', 'Roof Meet');
INSERT INTO p420_tracklist(session_num, start_time, artist, track) VALUES (42, 1417, 'Watershell', 'Aquamotive (Liqui-dub)');
INSERT INTO p420_tracklist(session_num, start_time, artist, track) VALUES (42, 1756, 'Amon Tobin', 'Dream Sequence');
INSERT INTO p420_tracklist(session_num, start_time, artist, track) VALUES (42, 2173, 'Achecorporation', 'Bd Bd');
INSERT INTO p420_tracklist(session_num, start_time, artist, track) VALUES (42, 2435, '833-45', 'Schumann Resonance / New Star');
INSERT INTO p420_tracklist(session_num, start_time, artist, track) VALUES (42, 2687, '3tronik', 'Verwirrung');
INSERT INTO p420_tracklist(session_num, start_time, artist, track) VALUES (42, 3015, 'The Infesticons', 'Figurine Theme');
INSERT INTO p420_tracklist(session_num, start_time, artist, track) VALUES (42, 3251, 'Busta Rhymes', 'There''s Only One Year Left!!!');
INSERT INTO p420_tracklist(session_num, start_time, artist, track) VALUES (42, 3383, 'Crepusculum', 'End Of The Community');
INSERT INTO p420_tracklist(session_num, start_time, artist, track) VALUES (43, 0, 'My First Trumpet', 'The Owl Likes To Bowl');
INSERT INTO p420_tracklist(session_num, start_time, artist, track) VALUES (43, 136, 'Melorman', 'You Are');
INSERT INTO p420_tracklist(session_num, start_time, artist, track) VALUES (43, 375, 'Colamm', 'Saerv');
INSERT INTO p420_tracklist(session_num, start_time, artist, track) VALUES (43, 864, 'Silent Q', 'Lofty Gomez');
INSERT INTO p420_tracklist(session_num, start_time, artist, track) VALUES (43, 982, 'Beanfield', 'The Season');
INSERT INTO p420_tracklist(session_num, start_time, artist, track) VALUES (43, 1380, 'Aquanote', 'Nowhere');
INSERT INTO p420_tracklist(session_num, start_time, artist, track) VALUES (43, 1667, 'Forum', 'Blowing Notes');
INSERT INTO p420_tracklist(session_num, start_time, artist, track) VALUES (43, 2037, 'Advertising The Invisible', 'Extra Prolifica');
INSERT INTO p420_tracklist(session_num, start_time, artist, track) VALUES (43, 2285, 'Blossom', 'Sundown');
INSERT INTO p420_tracklist(session_num, start_time, artist, track) VALUES (43, 2511, 'j^p^n', 'tarnish. []');
INSERT INTO p420_tracklist(session_num, start_time, artist, track) VALUES (43, 2616, 'Segue', 'Vista');
INSERT INTO p420_tracklist(session_num, start_time, artist, track) VALUES (43, 3195, 'The Future Sound Of London', 'Far Out Son Of A Lung');
INSERT INTO p420_tracklist(session_num, start_time, artist, track) VALUES (43, 3409, 'Akasha', 'The Blues Pt. 1');
INSERT INTO p420_tracklist(session_num, start_time, artist, track) VALUES (43, 3724, 'Fettes Brot', 'Gangsta Rap (Remix)');
INSERT INTO p420_tracklist(session_num, start_time, artist, track) VALUES (43, 3990, 'Jvox', 'The Window');
INSERT INTO p420_tracklist(session_num, start_time, artist, track) VALUES (43, 4221, 'The Isolationist', 'Mechanic Robotic');
INSERT INTO p420_tracklist(session_num, start_time, artist, track) VALUES (43, 4446, '', 'sinking in');
INSERT INTO p420_tracklist(session_num, start_time, artist, track) VALUES (43, 4815, 'Sofa Surfers', 'Raffinerie');
INSERT INTO p420_tracklist(session_num, start_time, artist, track) VALUES (43, 5062, 'Alaska & Paradox', 'Two Thousand');
INSERT INTO p420_tracklist(session_num, start_time, artist, track) VALUES (43, 5548, 'Jedi Knights', 'Solina (The Ascension)');
INSERT INTO p420_tracklist(session_num, start_time, artist, track) VALUES (43, 6172, 'Reminiscence Quartet', 'Peace Of Mind');
INSERT INTO p420_tracklist(session_num, start_time, artist, track) VALUES (43, 6408, 'Space Link', 'Time Zone');
INSERT INTO p420_tracklist(session_num, start_time, artist, track) VALUES (43, 6721, 'DJ Food', 'Thermo Nuclear Tax');
INSERT INTO p420_tracklist(session_num, start_time, artist, track) VALUES (43, 6929, 'Freakniks', 'Plasmic Head');
INSERT INTO p420_tracklist(session_num, start_time, artist, track) VALUES (43, 7266, 'Urban Species', 'Predictably Unpredictable');
INSERT INTO p420_tracklist(session_num, start_time, artist, track) VALUES (43, 7692, 'Simone Serritella', 'Sambalanco');
INSERT INTO p420_tracklist(session_num, start_time, artist, track) VALUES (43, 8112, 'Earl Grey', 'The Lick');
INSERT INTO p420_tracklist(session_num, start_time, artist, track) VALUES (43, 8481, 'Amon Tobin', 'Stoney Street');
INSERT INTO p420_tracklist(session_num, start_time, artist, track) VALUES (43, 8807, 'Herwig Holzmann', '... Everything From Changing');
INSERT INTO p420_tracklist(session_num, start_time, artist, track) VALUES (43, 9217, 'The Four Owls', 'Life In The Balance Ft. Jam Baxter');
INSERT INTO p420_tracklist(session_num, start_time, artist, track) VALUES (43, 9486, 'Zero 7', 'Likufanele');
INSERT INTO p420_tracklist(session_num, start_time, artist, track) VALUES (44, 0, 'Skalpel', 'Break In');
INSERT INTO p420_tracklist(session_num, start_time, artist, track) VALUES (44, 338, 'Audio Lotion', 'Voodoo Velvet');
INSERT INTO p420_tracklist(session_num, start_time, artist, track) VALUES (44, 815, 'Early Groovers', 'Odds Of Getting Diced Or Sliced');
INSERT INTO p420_tracklist(session_num, start_time, artist, track) VALUES (44, 1100, 'Groove Armada', 'Dusk You And Me');
INSERT INTO p420_tracklist(session_num, start_time, artist, track) VALUES (44, 1433, 'Nightmares On Wax', 'Morse');
INSERT INTO p420_tracklist(session_num, start_time, artist, track) VALUES (44, 1783, 'A.O.S.', 'History (Repeats Itself) (Edit)');
INSERT INTO p420_tracklist(session_num, start_time, artist, track) VALUES (44, 1909, 'Kosma', 'Aquarium');
INSERT INTO p420_tracklist(session_num, start_time, artist, track) VALUES (44, 2537, 'Cypress Hill', 'Spark Another Owl');
INSERT INTO p420_tracklist(session_num, start_time, artist, track) VALUES (44, 2739, 'Flanger', 'Endless Summer');
INSERT INTO p420_tracklist(session_num, start_time, artist, track) VALUES (44, 3022, 'Carbon Based Lifeforms', 'Comsat');
INSERT INTO p420_tracklist(session_num, start_time, artist, track) VALUES (44, 3433, 'Deaf Center', 'Dial');
INSERT INTO p420_tracklist(session_num, start_time, artist, track) VALUES (44, 3770, 'Fernando Lagreca', 'Red Sun Hair');
INSERT INTO p420_tracklist(session_num, start_time, artist, track) VALUES (44, 4002, 'Nova Viator', 'Gorey Empire Defence');
INSERT INTO p420_tracklist(session_num, start_time, artist, track) VALUES (44, 4235, 'DJ Food', 'Aerosolilique Pts 1-3');
INSERT INTO p420_tracklist(session_num, start_time, artist, track) VALUES (44, 4552, 'Asian Dub Foundation', 'Jericho (Capa D Dub)');
INSERT INTO p420_tracklist(session_num, start_time, artist, track) VALUES (44, 4887, 'Puddu Varano', 'Finger Trip');
INSERT INTO p420_tracklist(session_num, start_time, artist, track) VALUES (44, 5127, 'Rae & Christian', 'Catch A Rude Awakening');
INSERT INTO p420_tracklist(session_num, start_time, artist, track) VALUES (44, 5318, 'Plaid', 'Little People');
INSERT INTO p420_tracklist(session_num, start_time, artist, track) VALUES (44, 5540, 'Quantic', 'Time Is The Enemy');
INSERT INTO p420_tracklist(session_num, start_time, artist, track) VALUES (44, 5756, 'researcher', 'Long Ago Comet');
INSERT INTO p420_tracklist(session_num, start_time, artist, track) VALUES (44, 6026, '~~~', 'Tones Of Our Troubles');
INSERT INTO p420_tracklist(session_num, start_time, artist, track) VALUES (44, 6138, 'Romeo Rucha', 'Let Me Out of Here');
INSERT INTO p420_tracklist(session_num, start_time, artist, track) VALUES (45, 0, 'Romeo Rucha', 'Unaware');
INSERT INTO p420_tracklist(session_num, start_time, artist, track) VALUES (45, 79, 'Amon Tobin', 'One Day In My Garden');
INSERT INTO p420_tracklist(session_num, start_time, artist, track) VALUES (45, 388, 'Kruder & Dorfmeister', 'Definition');
INSERT INTO p420_tracklist(session_num, start_time, artist, track) VALUES (45, 654, 'Hint', 'Re:Percussions');
INSERT INTO p420_tracklist(session_num, start_time, artist, track) VALUES (45, 1002, 'Uniquetunes', 'Disconnecting People (Live At Studio)');
INSERT INTO p420_tracklist(session_num, start_time, artist, track) VALUES (45, 1251, 'Peace Orchestra', 'Domination');
INSERT INTO p420_tracklist(session_num, start_time, artist, track) VALUES (45, 1703, 'Eivind Aarset', 'Superstrings');
INSERT INTO p420_tracklist(session_num, start_time, artist, track) VALUES (45, 2172, 'NHP', 'Jeg Gik Mig Ud En Sommerdag');
INSERT INTO p420_tracklist(session_num, start_time, artist, track) VALUES (45, 2518, 'Bonobo', 'Change Down');
INSERT INTO p420_tracklist(session_num, start_time, artist, track) VALUES (45, 2743, 'Scarlet Hideout', 'Sijat');
INSERT INTO p420_tracklist(session_num, start_time, artist, track) VALUES (45, 2940, 'Ugly Heroes', 'Daisies');
INSERT INTO p420_tracklist(session_num, start_time, artist, track) VALUES (45, 3127, 'Torch', 'Als Ich Zur Schule Ging');
INSERT INTO p420_tracklist(session_num, start_time, artist, track) VALUES (45, 3430, 'Amon Tobin', 'Verbal (Boom Bip Remix)');
INSERT INTO p420_tracklist(session_num, start_time, artist, track) VALUES (45, 3711, 'Transient', 'Dont'' Sweat It');
INSERT INTO p420_tracklist(session_num, start_time, artist, track) VALUES (45, 3962, 'Silencide', 'Fairground Art Museum');
INSERT INTO p420_tracklist(session_num, start_time, artist, track) VALUES (45, 4160, 'Danny Kreutzfeldt', 'Hall (Redubbed)');
INSERT INTO p420_tracklist(session_num, start_time, artist, track) VALUES (45, 4730, '3tronik', 'Have A Nice Day');
INSERT INTO p420_tracklist(session_num, start_time, artist, track) VALUES (45, 4882, 'Able', 'Meander Posse');
INSERT INTO p420_tracklist(session_num, start_time, artist, track) VALUES (45, 5145, 'we could die here', 'death');
INSERT INTO p420_tracklist(session_num, start_time, artist, track) VALUES (45, 5309, 'Dzihan & Kamien', 'Drophere feat. Ma.dita');
INSERT INTO p420_tracklist(session_num, start_time, artist, track) VALUES (45, 5591, 'Cowboy Junkies', 'Sweet Jane (Edit)');


COMMIT;
